week_start,roster_site,roster_shift,roster_team,agent_id,agent_name,tickets,breaches,median_response_minutes,p90_response_minutes,average_response_minutes,breach_rate
2024-12-31,Bengaluru,Day,Billing,A3034,Thomas Patel,1,0,5.0,5.0,5.0,0.0
2024-12-31,Bengaluru,Day,Chat Frontline,A3004,Krishna Naidu,1,0,6.0,6.0,6.0,0.0
2024-12-31,Bengaluru,Day,Chat Frontline,A3006,Lakshmi Reddy,2,0,24.0,36.0,24.0,0.0
2024-12-31,Bengaluru,Day,Chat Frontline,A3012,Lakshmi Sethi,1,0,5.0,5.0,5.0,0.0
2024-12-31,Bengaluru,Day,Chat Frontline,A3015,Yash Agarwal,1,0,33.0,33.0,33.0,0.0
2024-12-31,Bengaluru,Day,Email Frontline,A3021,Aditya Dhillon,1,0,81.0,81.0,81.0,0.0
2024-12-31,Bengaluru,Day,Email Frontline,A3022,Steven Tiwari,1,0,144.0,144.0,144.0,0.0
2024-12-31,Bengaluru,Day,Escalations & Warranty,A3042,Steven Chopra,1,0,4.0,4.0,4.0,0.0
2024-12-31,Bengaluru,Day,Escalations & Warranty,A3044,Kunal Malhotra,2,0,45.5,70.7,45.5,0.0
2024-12-31,Bengaluru,Day,Logistics,A3029,Rajat Iyer,2,0,54.0,91.6,54.0,0.0
2024-12-31,Bengaluru,Day,Voice Frontline,A3023,Rahul Khanna,2,0,12.5,13.7,12.5,0.0
2024-12-31,Bengaluru,Morning,Billing,A3033,Amit Kulkarni,2,0,59.5,100.7,59.5,0.0
2024-12-31,Bengaluru,Morning,Billing,A3035,Rohit Mukherjee,1,0,33.0,33.0,33.0,0.0
2024-12-31,Bengaluru,Morning,Chat Frontline,A3005,Sameer Joshi,1,0,10.0,10.0,10.0,0.0
2024-12-31,Bengaluru,Morning,Escalations & Warranty,A3039,Riya Gaikwad,1,0,4.0,4.0,4.0,0.0
2024-12-31,Bengaluru,Morning,Escalations & Warranty,A3043,Rohit Jain,1,0,8.0,8.0,8.0,0.0
2024-12-31,Bengaluru,Morning,Logistics,A3031,Om Malhotra,2,0,149.5,265.1,149.5,0.0
2024-12-31,Bengaluru,Morning,Returns Desk,A3037,Rahul Sen,2,0,11.0,12.6,11.0,0.0
2024-12-31,Bengaluru,Morning,Voice Frontline,A3024,Kunal Khanna,2,0,14.5,18.1,14.5,0.0
2024-12-31,Indore,Day,Logistics,A3027,Dev Chatterjee,2,0,50.5,86.1,50.5,0.0
2024-12-31,Indore,Morning,Billing,A3032,Aadhya Sheikh,1,0,5.0,5.0,5.0,0.0
2024-12-31,Indore,Morning,Chat Frontline,A3010,Neha Chatterjee,1,0,2.0,2.0,2.0,0.0
2024-12-31,Indore,Morning,Logistics,A3028,Krishna Kaur,2,0,115.0,167.0,115.0,0.0
2024-12-31,Indore,Night,Chat Frontline,A3002,Tarun Mishra,2,0,184.5,203.3,184.5,0.0
2024-12-31,Indore,Night,Email Frontline,A3016,Deepak Jadhav,1,0,4.0,4.0,4.0,0.0
2024-12-31,Indore,Night,Email Frontline,A3017,Shreya Bhatt,1,0,17.0,17.0,17.0,0.0
2025-01-07,Bengaluru,Day,Chat Frontline,A3004,Krishna Naidu,1,0,4.0,4.0,4.0,0.0
2025-01-07,Bengaluru,Day,Chat Frontline,A3006,Lakshmi Reddy,2,0,7.0,7.8,7.0,0.0
2025-01-07,Bengaluru,Day,Chat Frontline,A3012,Lakshmi Sethi,5,0,10.0,112.40000000000002,42.0,0.0
2025-01-07,Bengaluru,Day,Chat Frontline,A3015,Yash Agarwal,2,1,128.0,221.6,128.0,0.5
2025-01-07,Bengaluru,Day,Email Frontline,A3020,Ramesh Ghosh,1,0,191.0,191.0,191.0,0.0
2025-01-07,Bengaluru,Day,Email Frontline,A3021,Aditya Dhillon,1,0,68.0,68.0,68.0,0.0
2025-01-07,Bengaluru,Day,Email Frontline,A3022,Steven Tiwari,2,0,62.0,86.8,62.0,0.0
2025-01-07,Bengaluru,Day,Returns Desk,A3036,Rohit Shinde,1,1,688.0,688.0,688.0,1.0
2025-01-07,Bengaluru,Day,Returns Desk,A3038,Amit Yadav,2,0,7.0,12.6,7.0,0.0
2025-01-07,Bengaluru,Day,Voice Frontline,A3023,Rahul Khanna,1,0,35.0,35.0,35.0,0.0
2025-01-07,Bengaluru,Day,Voice Frontline,A3026,Lakshmi Qureshi,2,0,20.0,22.4,20.0,0.0
2025-01-07,Bengaluru,Morning,Billing,A3033,Amit Kulkarni,1,0,176.0,176.0,176.0,0.0
2025-01-07,Bengaluru,Morning,Billing,A3035,Rohit Mukherjee,2,0,16.5,27.3,16.5,0.0
2025-01-07,Bengaluru,Morning,Chat Frontline,A3005,Sameer Joshi,1,0,5.0,5.0,5.0,0.0
2025-01-07,Bengaluru,Morning,Escalations & Warranty,A3039,Riya Gaikwad,5,0,15.0,81.60000000000001,37.2,0.0
2025-01-07,Bengaluru,Morning,Logistics,A3031,Om Malhotra,4,0,3.5,56.500000000000014,22.25,0.0
2025-01-07,Bengaluru,Morning,Voice Frontline,A3024,Kunal Khanna,1,0,84.0,84.0,84.0,0.0
2025-01-07,Bengaluru,Morning,Voice Frontline,A3025,Lobsang Rao,1,0,6.0,6.0,6.0,0.0
2025-01-07,Indore,Day,Logistics,A3027,Dev Chatterjee,1,1,549.0,549.0,549.0,1.0
2025-01-07,Indore,Morning,Billing,A3032,Aadhya Sheikh,1,0,10.0,10.0,10.0,0.0
2025-01-07,Indore,Morning,Chat Frontline,A3011,Karan Roy,1,0,1.0,1.0,1.0,0.0
2025-01-07,Indore,Morning,Chat Frontline,A3013,Ritika Chatterjee,1,0,10.0,10.0,10.0,0.0
2025-01-07,Indore,Morning,Logistics,A3028,Krishna Kaur,2,0,122.0,172.4,122.0,0.0
2025-01-07,Indore,Night,Chat Frontline,A3001,Zoya Mehta,2,0,99.5,171.1,99.5,0.0
2025-01-07,Indore,Night,Chat Frontline,A3002,Tarun Mishra,3,1,136.0,325.6,169.66666666666666,0.3333333333333333
2025-01-07,Indore,Night,Chat Frontline,A3003,Harpreet Deshpande,3,1,6.0,816.4000000000001,341.6666666666667,0.3333333333333333
2025-01-07,Indore,Night,Email Frontline,A3017,Shreya Bhatt,2,0,38.0,57.2,38.0,0.0
2025-01-14,Bengaluru,Day,Billing,A3034,Thomas Patel,4,0,4.5,37.10000000000001,15.0,0.0
2025-01-14,Bengaluru,Day,Chat Frontline,A3004,Krishna Naidu,3,0,1.0,2.6,1.6666666666666667,0.0
2025-01-14,Bengaluru,Day,Chat Frontline,A3006,Lakshmi Reddy,3,0,4.0,4.8,3.6666666666666665,0.0
2025-01-14,Bengaluru,Day,Chat Frontline,A3012,Lakshmi Sethi,1,0,5.0,5.0,5.0,0.0
2025-01-14,Bengaluru,Day,Chat Frontline,A3015,Yash Agarwal,3,0,4.0,11.200000000000001,6.0,0.0
2025-01-14,Bengaluru,Day,Email Frontline,A3020,Ramesh Ghosh,2,0,69.0,78.6,69.0,0.0
2025-01-14,Bengaluru,Day,Email Frontline,A3021,Aditya Dhillon,2,0,157.5,189.1,157.5,0.0
2025-01-14,Bengaluru,Day,Email Frontline,A3022,Steven Tiwari,1,0,85.0,85.0,85.0,0.0
2025-01-14,Bengaluru,Day,Logistics,A3029,Rajat Iyer,1,0,98.0,98.0,98.0,0.0
2025-01-14,Bengaluru,Day,Voice Frontline,A3023,Rahul Khanna,1,0,39.0,39.0,39.0,0.0
2025-01-14,Bengaluru,Day,Voice Frontline,A3026,Lakshmi Qureshi,3,1,65.0,152.20000000000002,85.0,0.3333333333333333
2025-01-14,Bengaluru,Morning,Billing,A3033,Amit Kulkarni,2,0,85.5,114.7,85.5,0.0
2025-01-14,Bengaluru,Morning,Billing,A3035,Rohit Mukherjee,2,0,9.0,13.0,9.0,0.0
2025-01-14,Bengaluru,Morning,Chat Frontline,A3005,Sameer Joshi,2,0,15.0,23.0,15.0,0.0
2025-01-14,Bengaluru,Morning,Chat Frontline,A3007,Neha Gaikwad,1,0,22.0,22.0,22.0,0.0
2025-01-14,Bengaluru,Morning,Chat Frontline,A3009,Ramesh Patel,2,0,8.0,12.8,8.0,0.0
2025-01-14,Bengaluru,Morning,Email Frontline,A3018,Farah Sheikh,2,0,223.0,237.4,223.0,0.0
2025-01-14,Bengaluru,Morning,Email Frontline,A3019,Sai Sandhu,1,0,68.0,68.0,68.0,0.0
2025-01-14,Bengaluru,Morning,Escalations & Warranty,A3039,Riya Gaikwad,1,0,30.0,30.0,30.0,0.0
2025-01-14,Bengaluru,Morning,Escalations & Warranty,A3043,Rohit Jain,1,1,795.0,795.0,795.0,1.0
2025-01-14,Bengaluru,Morning,Logistics,A3031,Om Malhotra,5,0,5.0,150.8,54.2,0.0
2025-01-14,Bengaluru,Morning,Returns Desk,A3037,Rahul Sen,3,1,29.0,277.8,132.0,0.3333333333333333
2025-01-14,Indore,Day,Logistics,A3027,Dev Chatterjee,1,1,851.0,851.0,851.0,1.0
2025-01-14,Indore,Morning,Chat Frontline,A3008,Steven Kaur,1,1,18.0,18.0,18.0,1.0
2025-01-14,Indore,Morning,Chat Frontline,A3010,Neha Chatterjee,1,0,1.0,1.0,1.0,0.0
2025-01-14,Indore,Morning,Logistics,A3028,Krishna Kaur,2,0,4.5,4.9,4.5,0.0
2025-01-14,Indore,Night,Chat Frontline,A3001,Zoya Mehta,3,0,82.0,333.20000000000005,160.0,0.0
2025-01-14,Indore,Night,Chat Frontline,A3002,Tarun Mishra,2,0,107.0,191.8,107.0,0.0
2025-01-14,Indore,Night,Chat Frontline,A3003,Harpreet Deshpande,1,0,58.0,58.0,58.0,0.0
2025-01-14,Indore,Night,Email Frontline,A3017,Shreya Bhatt,1,1,22.0,22.0,22.0,1.0
2025-01-21,Bengaluru,Day,Billing,A3034,Thomas Patel,6,0,4.0,94.0,33.166666666666664,0.0
2025-01-21,Bengaluru,Day,Chat Frontline,A3004,Krishna Naidu,3,0,2.0,8.4,4.333333333333333,0.0
2025-01-21,Bengaluru,Day,Chat Frontline,A3006,Lakshmi Reddy,4,1,3.0,209.10000000000005,76.0,0.25
2025-01-21,Bengaluru,Day,Chat Frontline,A3012,Lakshmi Sethi,2,0,5.0,6.6,5.0,0.0
2025-01-21,Bengaluru,Day,Chat Frontline,A3015,Yash Agarwal,3,0,2.0,2.8,2.0,0.0
2025-01-21,Bengaluru,Day,Email Frontline,A3020,Ramesh Ghosh,2,0,81.5,106.7,81.5,0.0
2025-01-21,Bengaluru,Day,Email Frontline,A3021,Aditya Dhillon,1,0,76.0,76.0,76.0,0.0
2025-01-21,Bengaluru,Day,Email Frontline,A3022,Steven Tiwari,3,0,199.0,235.8,166.66666666666666,0.0
2025-01-21,Bengaluru,Day,Escalations & Warranty,A3042,Steven Chopra,2,0,241.5,422.7,241.5,0.0
2025-01-21,Bengaluru,Day,Logistics,A3029,Rajat Iyer,3,0,56.0,240.8,116.33333333333333,0.0
2025-01-21,Bengaluru,Day,Logistics,A3030,Sunita Srivastava,1,0,7.0,7.0,7.0,0.0
2025-01-21,Bengaluru,Day,Returns Desk,A3036,Rohit Shinde,1,0,7.0,7.0,7.0,0.0
2025-01-21,Bengaluru,Day,Voice Frontline,A3026,Lakshmi Qureshi,2,0,34.5,38.1,34.5,0.0
2025-01-21,Bengaluru,Morning,Billing,A3033,Amit Kulkarni,5,1,54.0,71.4,42.2,0.2
2025-01-21,Bengaluru,Morning,Billing,A3035,Rohit Mukherjee,1,0,14.0,14.0,14.0,0.0
2025-01-21,Bengaluru,Morning,Chat Frontline,A3007,Neha Gaikwad,1,0,3.0,3.0,3.0,0.0
2025-01-21,Bengaluru,Morning,Email Frontline,A3018,Farah Sheikh,2,0,234.5,298.1,234.5,0.0
2025-01-21,Bengaluru,Morning,Email Frontline,A3019,Sai Sandhu,2,1,616.0,870.4,616.0,0.5
2025-01-21,Bengaluru,Morning,Escalations & Warranty,A3039,Riya Gaikwad,1,0,5.0,5.0,5.0,0.0
2025-01-21,Bengaluru,Morning,Escalations & Warranty,A3043,Rohit Jain,3,0,10.0,71.60000000000001,32.666666666666664,0.0
2025-01-21,Bengaluru,Morning,Logistics,A3031,Om Malhotra,4,0,7.0,73.70000000000002,29.25,0.0
2025-01-21,Bengaluru,Morning,Returns Desk,A3037,Rahul Sen,2,1,459.5,821.5,459.5,0.5
2025-01-21,Indore,Day,Logistics,A3027,Dev Chatterjee,5,0,30.0,63.2,31.2,0.0
2025-01-21,Indore,Morning,Billing,A3032,Aadhya Sheikh,3,0,5.0,20.200000000000003,11.0,0.0
2025-01-21,Indore,Morning,Chat Frontline,A3008,Steven Kaur,2,1,26.0,46.0,26.0,0.5
2025-01-21,Indore,Morning,Chat Frontline,A3010,Neha Chatterjee,1,0,8.0,8.0,8.0,0.0
2025-01-21,Indore,Morning,Chat Frontline,A3011,Karan Roy,1,0,5.0,5.0,5.0,0.0
2025-01-21,Indore,Morning,Logistics,A3028,Krishna Kaur,2,0,65.0,76.2,65.0,0.0
2025-01-21,Indore,Night,Chat Frontline,A3001,Zoya Mehta,2,1,47.0,71.8,47.0,0.5
2025-01-21,Indore,Night,Chat Frontline,A3002,Tarun Mishra,2,1,464.0,568.0,464.0,0.5
2025-01-21,Indore,Night,Chat Frontline,A3003,Harpreet Deshpande,1,0,72.0,72.0,72.0,0.0
2025-01-21,Indore,Night,Email Frontline,A3016,Deepak Jadhav,4,0,160.0,281.1,179.5,0.0
2025-01-21,Indore,Night,Email Frontline,A3017,Shreya Bhatt,2,0,77.0,137.8,77.0,0.0
2025-01-28,Bengaluru,Day,Billing,A3034,Thomas Patel,2,0,28.0,47.2,28.0,0.0
2025-01-28,Bengaluru,Day,Chat Frontline,A3004,Krishna Naidu,2,0,48.5,83.3,48.5,0.0
2025-01-28,Bengaluru,Day,Chat Frontline,A3006,Lakshmi Reddy,3,0,10.0,15.6,11.666666666666666,0.0
2025-01-28,Bengaluru,Day,Chat Frontline,A3012,Lakshmi Sethi,1,0,3.0,3.0,3.0,0.0
2025-01-28,Bengaluru,Day,Chat Frontline,A3015,Yash Agarwal,1,1,321.0,321.0,321.0,1.0
2025-01-28,Bengaluru,Day,Email Frontline,A3020,Ramesh Ghosh,3,0,170.0,206.0,137.33333333333334,0.0
2025-01-28,Bengaluru,Day,Email Frontline,A3021,Aditya Dhillon,3,0,300.0,392.8,260.6666666666667,0.0
2025-01-28,Bengaluru,Day,Email Frontline,A3022,Steven Tiwari,2,1,431.5,599.1,431.5,0.5
2025-01-28,Bengaluru,Day,Logistics,A3029,Rajat Iyer,3,0,26.0,125.2,63.666666666666664,0.0
2025-01-28,Bengaluru,Day,Returns Desk,A3036,Rohit Shinde,2,0,19.0,31.8,19.0,0.0
2025-01-28,Bengaluru,Day,Returns Desk,A3038,Amit Yadav,2,0,97.0,173.0,97.0,0.0
2025-01-28,Bengaluru,Morning,Billing,A3035,Rohit Mukherjee,3,0,3.0,81.4,35.0,0.0
2025-01-28,Bengaluru,Morning,Chat Frontline,A3005,Sameer Joshi,3,0,8.0,22.400000000000002,11.666666666666666,0.0
2025-01-28,Bengaluru,Morning,Chat Frontline,A3007,Neha Gaikwad,1,0,156.0,156.0,156.0,0.0
2025-01-28,Bengaluru,Morning,Chat Frontline,A3009,Ramesh Patel,1,0,2.0,2.0,2.0,0.0
2025-01-28,Bengaluru,Morning,Email Frontline,A3018,Farah Sheikh,3,0,63.0,149.4,86.33333333333333,0.0
2025-01-28,Bengaluru,Morning,Email Frontline,A3019,Sai Sandhu,3,0,79.0,124.60000000000001,87.0,0.0
2025-01-28,Bengaluru,Morning,Escalations & Warranty,A3039,Riya Gaikwad,1,0,2.0,2.0,2.0,0.0
2025-01-28,Bengaluru,Morning,Escalations & Warranty,A3043,Rohit Jain,1,0,5.0,5.0,5.0,0.0
2025-01-28,Bengaluru,Morning,Logistics,A3031,Om Malhotra,4,3,34.5,306.9000000000001,122.5,0.75
2025-01-28,Bengaluru,Morning,Returns Desk,A3037,Rahul Sen,5,1,19.0,387.80000000000007,141.4,0.2
2025-01-28,Bengaluru,Morning,Voice Frontline,A3025,Lobsang Rao,1,0,34.0,34.0,34.0,0.0
2025-01-28,Indore,Day,Logistics,A3027,Dev Chatterjee,1,0,8.0,8.0,8.0,0.0
2025-01-28,Indore,Morning,Billing,A3032,Aadhya Sheikh,2,0,26.5,46.1,26.5,0.0
2025-01-28,Indore,Morning,Chat Frontline,A3010,Neha Chatterjee,1,0,7.0,7.0,7.0,0.0
2025-01-28,Indore,Morning,Chat Frontline,A3011,Karan Roy,2,0,7.5,11.9,7.5,0.0
2025-01-28,Indore,Morning,Chat Frontline,A3013,Ritika Chatterjee,1,0,0.0,0.0,0.0,0.0
2025-01-28,Indore,Morning,Logistics,A3028,Krishna Kaur,4,0,199.0,319.8,184.5,0.0
2025-01-28,Indore,Night,Chat Frontline,A3001,Zoya Mehta,1,0,398.0,398.0,398.0,0.0
2025-01-28,Indore,Night,Chat Frontline,A3002,Tarun Mishra,2,0,4.0,6.4,4.0,0.0
2025-01-28,Indore,Night,Chat Frontline,A3003,Harpreet Deshpande,3,1,3.0,639.0,267.6666666666667,0.3333333333333333
2025-01-28,Indore,Night,Email Frontline,A3016,Deepak Jadhav,2,0,39.5,69.5,39.5,0.0
2025-01-28,Indore,Night,Email Frontline,A3017,Shreya Bhatt,2,0,49.0,81.8,49.0,0.0
2025-02-04,Bengaluru,Day,Billing,A3034,Thomas Patel,9,1,13.0,94.00000000000006,48.22222222222222,0.1111111111111111
2025-02-04,Bengaluru,Day,Chat Frontline,A3004,Krishna Naidu,1,0,8.0,8.0,8.0,0.0
2025-02-04,Bengaluru,Day,Chat Frontline,A3006,Lakshmi Reddy,6,0,3.0,29.0,11.5,0.0
2025-02-04,Bengaluru,Day,Chat Frontline,A3015,Yash Agarwal,1,0,13.0,13.0,13.0,0.0
2025-02-04,Bengaluru,Day,Email Frontline,A3021,Aditya Dhillon,1,0,123.0,123.0,123.0,0.0
2025-02-04,Bengaluru,Day,Escalations & Warranty,A3042,Steven Chopra,1,0,5.0,5.0,5.0,0.0
2025-02-04,Bengaluru,Day,Logistics,A3029,Rajat Iyer,5,0,7.0,96.4,38.2,0.0
2025-02-04,Bengaluru,Day,Logistics,A3030,Sunita Srivastava,2,1,127.5,228.70000000000002,127.5,0.5
2025-02-04,Bengaluru,Day,Returns Desk,A3036,Rohit Shinde,2,0,3.5,4.7,3.5,0.0
2025-02-04,Bengaluru,Day,Returns Desk,A3038,Amit Yadav,1,1,18.0,18.0,18.0,1.0
2025-02-04,Bengaluru,Day,Voice Frontline,A3026,Lakshmi Qureshi,2,1,130.5,216.5,130.5,0.5
2025-02-04,Bengaluru,Morning,Billing,A3033,Amit Kulkarni,4,0,15.0,70.50000000000001,31.25,0.0
2025-02-04,Bengaluru,Morning,Billing,A3035,Rohit Mukherjee,3,0,31.0,111.0,55.333333333333336,0.0
2025-02-04,Bengaluru,Morning,Email Frontline,A3018,Farah Sheikh,6,2,177.0,685.0,318.8333333333333,0.3333333333333333
2025-02-04,Bengaluru,Morning,Email Frontline,A3019,Sai Sandhu,1,0,409.0,409.0,409.0,0.0
2025-02-04,Bengaluru,Morning,Escalations & Warranty,A3039,Riya Gaikwad,3,0,11.0,49.400000000000006,24.333333333333332,0.0
2025-02-04,Bengaluru,Morning,Escalations & Warranty,A3043,Rohit Jain,1,1,283.0,283.0,283.0,1.0
2025-02-04,Bengaluru,Morning,Logistics,A3031,Om Malhotra,5,2,68.0,1337.4,483.4,0.4
2025-02-04,Bengaluru,Morning,Returns Desk,A3037,Rahul Sen,4,1,50.0,230.50000000000006,106.75,0.25
2025-02-04,Bengaluru,Morning,Voice Frontline,A3025,Lobsang Rao,3,0,27.0,64.6,42.0,0.0
2025-02-04,Indore,Day,Logistics,A3027,Dev Chatterjee,6,1,45.0,336.0,128.66666666666666,0.16666666666666666
2025-02-04,Indore,Morning,Billing,A3032,Aadhya Sheikh,1,0,4.0,4.0,4.0,0.0
2025-02-04,Indore,Morning,Chat Frontline,A3008,Steven Kaur,1,0,4.0,4.0,4.0,0.0
2025-02-04,Indore,Morning,Chat Frontline,A3010,Neha Chatterjee,1,0,4.0,4.0,4.0,0.0
2025-02-04,Indore,Morning,Chat Frontline,A3013,Ritika Chatterjee,1,1,19.0,19.0,19.0,1.0
2025-02-04,Indore,Morning,Logistics,A3028,Krishna Kaur,9,1,117.0,309.20000000000005,132.66666666666666,0.1111111111111111
2025-02-04,Indore,Night,Chat Frontline,A3001,Zoya Mehta,2,0,192.0,220.0,192.0,0.0
2025-02-04,Indore,Night,Chat Frontline,A3002,Tarun Mishra,2,1,492.0,600.8,492.0,0.5
2025-02-04,Indore,Night,Chat Frontline,A3003,Harpreet Deshpande,3,1,16.0,148.8,70.0,0.3333333333333333
2025-02-04,Indore,Night,Email Frontline,A3016,Deepak Jadhav,2,0,6.5,9.3,6.5,0.0
2025-02-04,Indore,Night,Email Frontline,A3017,Shreya Bhatt,4,0,148.0,255.10000000000002,148.0,0.0
2025-02-11,Bengaluru,Day,Billing,A3034,Thomas Patel,8,1,50.0,310.5999999999999,139.5,0.125
2025-02-11,Bengaluru,Day,Chat Frontline,A3004,Krishna Naidu,3,0,10.0,157.20000000000002,68.66666666666667,0.0
2025-02-11,Bengaluru,Day,Chat Frontline,A3006,Lakshmi Reddy,2,0,4.0,6.4,4.0,0.0
2025-02-11,Bengaluru,Day,Chat Frontline,A3012,Lakshmi Sethi,1,0,6.0,6.0,6.0,0.0
2025-02-11,Bengaluru,Day,Email Frontline,A3020,Ramesh Ghosh,2,0,136.0,162.4,136.0,0.0
2025-02-11,Bengaluru,Day,Email Frontline,A3021,Aditya Dhillon,2,0,151.5,158.3,151.5,0.0
2025-02-11,Bengaluru,Day,Escalations & Warranty,A3044,Kunal Malhotra,1,0,60.0,60.0,60.0,0.0
2025-02-11,Bengaluru,Day,Logistics,A3029,Rajat Iyer,1,0,87.0,87.0,87.0,0.0
2025-02-11,Bengaluru,Day,Logistics,A3030,Sunita Srivastava,3,0,67.0,138.2,74.33333333333333,0.0
2025-02-11,Bengaluru,Day,Returns Desk,A3038,Amit Yadav,1,1,142.0,142.0,142.0,1.0
2025-02-11,Bengaluru,Day,Voice Frontline,A3023,Rahul Khanna,2,0,40.0,51.2,40.0,0.0
2025-02-11,Bengaluru,Day,Voice Frontline,A3026,Lakshmi Qureshi,2,0,36.5,46.5,36.5,0.0
2025-02-11,Bengaluru,Morning,Billing,A3033,Amit Kulkarni,4,2,15.5,370.30000000000007,137.75,0.5
2025-02-11,Bengaluru,Morning,Billing,A3035,Rohit Mukherjee,1,0,267.0,267.0,267.0,0.0
2025-02-11,Bengaluru,Morning,Chat Frontline,A3007,Neha Gaikwad,1,0,7.0,7.0,7.0,0.0
2025-02-11,Bengaluru,Morning,Chat Frontline,A3014,Diya Patil,1,0,5.0,5.0,5.0,0.0
2025-02-11,Bengaluru,Morning,Email Frontline,A3018,Farah Sheikh,1,0,32.0,32.0,32.0,0.0
2025-02-11,Bengaluru,Morning,Email Frontline,A3019,Sai Sandhu,1,0,129.0,129.0,129.0,0.0
2025-02-11,Bengaluru,Morning,Escalations & Warranty,A3039,Riya Gaikwad,3,1,8.0,15.200000000000001,8.666666666666666,0.3333333333333333
2025-02-11,Bengaluru,Morning,Escalations & Warranty,A3043,Rohit Jain,4,0,7.0,158.40000000000003,59.75,0.0
2025-02-11,Bengaluru,Morning,Logistics,A3031,Om Malhotra,10,2,15.0,111.69999999999985,68.0,0.2
2025-02-11,Bengaluru,Morning,Returns Desk,A3037,Rahul Sen,2,1,96.0,128.8,96.0,0.5
2025-02-11,Bengaluru,Morning,Voice Frontline,A3024,Kunal Khanna,2,0,47.0,75.0,47.0,0.0
2025-02-11,Bengaluru,Morning,Voice Frontline,A3025,Lobsang Rao,1,0,10.0,10.0,10.0,0.0
2025-02-11,Indore,Day,Logistics,A3027,Dev Chatterjee,1,0,1.0,1.0,1.0,0.0
2025-02-11,Indore,Morning,Billing,A3032,Aadhya Sheikh,3,0,10.0,13.2,8.666666666666666,0.0
2025-02-11,Indore,Morning,Chat Frontline,A3010,Neha Chatterjee,2,0,6.5,6.9,6.5,0.0
2025-02-11,Indore,Morning,Chat Frontline,A3011,Karan Roy,1,0,4.0,4.0,4.0,0.0
2025-02-11,Indore,Morning,Logistics,A3028,Krishna Kaur,2,0,1.0,1.0,1.0,0.0
2025-02-11,Indore,Night,Chat Frontline,A3001,Zoya Mehta,2,0,37.0,57.0,37.0,0.0
2025-02-11,Indore,Night,Chat Frontline,A3002,Tarun Mishra,4,1,111.5,543.1000000000001,232.75,0.25
2025-02-11,Indore,Night,Chat Frontline,A3003,Harpreet Deshpande,1,0,10.0,10.0,10.0,0.0
2025-02-11,Indore,Night,Email Frontline,A3016,Deepak Jadhav,1,0,120.0,120.0,120.0,0.0
2025-02-11,Indore,Night,Email Frontline,A3017,Shreya Bhatt,2,0,5.5,6.7,5.5,0.0
2025-02-18,Bengaluru,Day,Billing,A3034,Thomas Patel,6,0,13.0,233.5,82.66666666666667,0.0
2025-02-18,Bengaluru,Day,Chat Frontline,A3004,Krishna Naidu,4,0,10.5,90.70000000000002,37.0,0.0
2025-02-18,Bengaluru,Day,Chat Frontline,A3006,Lakshmi Reddy,3,0,2.0,198.8,83.66666666666667,0.0
2025-02-18,Bengaluru,Day,Chat Frontline,A3012,Lakshmi Sethi,4,1,19.5,255.00000000000006,101.25,0.25
2025-02-18,Bengaluru,Day,Chat Frontline,A3015,Yash Agarwal,1,0,4.0,4.0,4.0,0.0
2025-02-18,Bengaluru,Day,Email Frontline,A3020,Ramesh Ghosh,1,0,135.0,135.0,135.0,0.0
2025-02-18,Bengaluru,Day,Email Frontline,A3021,Aditya Dhillon,1,1,825.0,825.0,825.0,1.0
2025-02-18,Bengaluru,Day,Email Frontline,A3022,Steven Tiwari,3,0,94.0,249.20000000000002,157.66666666666666,0.0
2025-02-18,Bengaluru,Day,Escalations & Warranty,A3040,Thomas Arora,2,0,5.0,9.0,5.0,0.0
2025-02-18,Bengaluru,Day,Escalations & Warranty,A3042,Steven Chopra,1,0,17.0,17.0,17.0,0.0
2025-02-18,Bengaluru,Day,Logistics,A3029,Rajat Iyer,4,0,126.0,274.3,140.25,0.0
2025-02-18,Bengaluru,Day,Logistics,A3030,Sunita Srivastava,2,0,3.0,3.8,3.0,0.0
2025-02-18,Bengaluru,Day,Returns Desk,A3036,Rohit Shinde,1,1,21.0,21.0,21.0,1.0
2025-02-18,Bengaluru,Day,Returns Desk,A3038,Amit Yadav,6,0,30.5,227.5,87.66666666666667,0.0
2025-02-18,Bengaluru,Day,Voice Frontline,A3023,Rahul Khanna,1,0,90.0,90.0,90.0,0.0
2025-02-18,Bengaluru,Day,Voice Frontline,A3026,Lakshmi Qureshi,1,0,8.0,8.0,8.0,0.0
2025-02-18,Bengaluru,Morning,Billing,A3033,Amit Kulkarni,3,0,25.0,52.2,28.333333333333332,0.0
2025-02-18,Bengaluru,Morning,Billing,A3035,Rohit Mukherjee,3,0,3.0,27.0,12.333333333333334,0.0
2025-02-18,Bengaluru,Morning,Chat Frontline,A3005,Sameer Joshi,1,0,74.0,74.0,74.0,0.0
2025-02-18,Bengaluru,Morning,Email Frontline,A3018,Farah Sheikh,1,1,637.0,637.0,637.0,1.0
2025-02-18,Bengaluru,Morning,Email Frontline,A3019,Sai Sandhu,2,0,105.0,115.4,105.0,0.0
2025-02-18,Bengaluru,Morning,Escalations & Warranty,A3039,Riya Gaikwad,3,1,17.0,115.4,54.0,0.3333333333333333
2025-02-18,Bengaluru,Morning,Escalations & Warranty,A3043,Rohit Jain,5,0,85.0,153.60000000000002,77.4,0.0
2025-02-18,Bengaluru,Morning,Logistics,A3031,Om Malhotra,7,0,8.0,184.4000000000001,68.85714285714286,0.0
2025-02-18,Bengaluru,Morning,Returns Desk,A3037,Rahul Sen,5,2,48.0,264.20000000000005,107.8,0.4
2025-02-18,Indore,Day,Escalations & Warranty,A3041,Riya Fernandes,1,0,8.0,8.0,8.0,0.0
2025-02-18,Indore,Day,Logistics,A3027,Dev Chatterjee,2,0,124.0,137.6,124.0,0.0
2025-02-18,Indore,Morning,Billing,A3032,Aadhya Sheikh,3,0,35.0,57.4,34.0,0.0
2025-02-18,Indore,Morning,Chat Frontline,A3010,Neha Chatterjee,4,0,8.0,8.7,6.75,0.0
2025-02-18,Indore,Morning,Chat Frontline,A3011,Karan Roy,3,0,4.0,8.8,6.0,0.0
2025-02-18,Indore,Morning,Chat Frontline,A3013,Ritika Chatterjee,1,0,1.0,1.0,1.0,0.0
2025-02-18,Indore,Morning,Logistics,A3028,Krishna Kaur,11,3,32.0,248.0,114.27272727272727,0.2727272727272727
2025-02-18,Indore,Night,Chat Frontline,A3001,Zoya Mehta,2,0,72.5,84.1,72.5,0.0
2025-02-18,Indore,Night,Chat Frontline,A3002,Tarun Mishra,2,0,111.5,195.9,111.5,0.0
2025-02-18,Indore,Night,Chat Frontline,A3003,Harpreet Deshpande,2,0,151.0,264.6,151.0,0.0
2025-02-18,Indore,Night,Email Frontline,A3016,Deepak Jadhav,1,0,161.0,161.0,161.0,0.0
2025-02-25,Bengaluru,Day,Billing,A3034,Thomas Patel,9,0,8.0,149.0,45.111111111111114,0.0
2025-02-25,Bengaluru,Day,Chat Frontline,A3004,Krishna Naidu,2,1,163.5,289.5,163.5,0.5
2025-02-25,Bengaluru,Day,Chat Frontline,A3006,Lakshmi Reddy,2,0,95.0,103.0,95.0,0.0
2025-02-25,Bengaluru,Day,Chat Frontline,A3012,Lakshmi Sethi,2,0,40.5,69.7,40.5,0.0
2025-02-25,Bengaluru,Day,Chat Frontline,A3015,Yash Agarwal,5,0,6.0,29.6,13.6,0.0
2025-02-25,Bengaluru,Day,Email Frontline,A3020,Ramesh Ghosh,3,0,117.0,204.20000000000002,137.33333333333334,0.0
2025-02-25,Bengaluru,Day,Email Frontline,A3021,Aditya Dhillon,2,1,291.0,466.2,291.0,0.5
2025-02-25,Bengaluru,Day,Email Frontline,A3022,Steven Tiwari,1,0,167.0,167.0,167.0,0.0
2025-02-25,Bengaluru,Day,Escalations & Warranty,A3042,Steven Chopra,1,0,61.0,61.0,61.0,0.0
2025-02-25,Bengaluru,Day,Escalations & Warranty,A3044,Kunal Malhotra,2,0,104.5,155.3,104.5,0.0
2025-02-25,Bengaluru,Day,Logistics,A3029,Rajat Iyer,2,0,13.5,16.3,13.5,0.0
2025-02-25,Bengaluru,Day,Logistics,A3030,Sunita Srivastava,5,0,7.0,90.4,38.2,0.0
2025-02-25,Bengaluru,Day,Returns Desk,A3036,Rohit Shinde,3,1,26.0,201.20000000000002,90.66666666666667,0.3333333333333333
2025-02-25,Bengaluru,Day,Returns Desk,A3038,Amit Yadav,2,0,187.0,335.0,187.0,0.0
2025-02-25,Bengaluru,Day,Voice Frontline,A3026,Lakshmi Qureshi,1,0,23.0,23.0,23.0,0.0
2025-02-25,Bengaluru,Morning,Billing,A3033,Amit Kulkarni,2,0,174.0,310.8,174.0,0.0
2025-02-25,Bengaluru,Morning,Billing,A3035,Rohit Mukherjee,3,0,57.0,249.8,119.0,0.0
2025-02-25,Bengaluru,Morning,Chat Frontline,A3005,Sameer Joshi,2,0,87.0,155.0,87.0,0.0
2025-02-25,Bengaluru,Morning,Chat Frontline,A3007,Neha Gaikwad,2,0,17.0,29.8,17.0,0.0
2025-02-25,Bengaluru,Morning,Chat Frontline,A3009,Ramesh Patel,2,1,21.0,35.4,21.0,0.5
2025-02-25,Bengaluru,Morning,Chat Frontline,A3014,Diya Patil,2,0,6.0,9.2,6.0,0.0
2025-02-25,Bengaluru,Morning,Escalations & Warranty,A3039,Riya Gaikwad,1,0,4.0,4.0,4.0,0.0
2025-02-25,Bengaluru,Morning,Escalations & Warranty,A3043,Rohit Jain,1,0,7.0,7.0,7.0,0.0
2025-02-25,Bengaluru,Morning,Logistics,A3031,Om Malhotra,2,1,397.5,711.5,397.5,0.5
2025-02-25,Bengaluru,Morning,Returns Desk,A3037,Rahul Sen,5,0,88.0,208.0,99.8,0.0
2025-02-25,Bengaluru,Morning,Voice Frontline,A3024,Kunal Khanna,3,1,42.0,106.0,63.666666666666664,0.3333333333333333
2025-02-25,Bengaluru,Morning,Voice Frontline,A3025,Lobsang Rao,2,0,35.0,55.0,35.0,0.0
2025-02-25,Indore,Day,Logistics,A3027,Dev Chatterjee,1,0,58.0,58.0,58.0,0.0
2025-02-25,Indore,Morning,Billing,A3032,Aadhya Sheikh,6,1,8.0,363.5,124.66666666666667,0.16666666666666666
2025-02-25,Indore,Morning,Chat Frontline,A3010,Neha Chatterjee,1,0,0.0,0.0,0.0,0.0
2025-02-25,Indore,Morning,Chat Frontline,A3013,Ritika Chatterjee,2,0,12.0,20.8,12.0,0.0
2025-02-25,Indore,Morning,Logistics,A3028,Krishna Kaur,3,0,14.0,162.0,71.33333333333333,0.0
2025-02-25,Indore,Night,Chat Frontline,A3002,Tarun Mishra,3,0,159.0,194.2,122.66666666666667,0.0
2025-02-25,Indore,Night,Chat Frontline,A3003,Harpreet Deshpande,4,1,13.5,92.80000000000001,38.0,0.25
2025-02-25,Indore,Night,Email Frontline,A3016,Deepak Jadhav,3,0,13.0,290.6,125.0,0.0
2025-02-25,Indore,Night,Email Frontline,A3017,Shreya Bhatt,1,0,13.0,13.0,13.0,0.0
2025-03-04,Bengaluru,Day,Billing,A3034,Thomas Patel,12,0,17.0,80.50000000000001,56.75,0.0
2025-03-04,Bengaluru,Day,Chat Frontline,A3004,Krishna Naidu,1,0,79.0,79.0,79.0,0.0
2025-03-04,Bengaluru,Day,Chat Frontline,A3006,Lakshmi Reddy,3,0,11.0,14.2,9.333333333333334,0.0
2025-03-04,Bengaluru,Day,Chat Frontline,A3015,Yash Agarwal,1,0,11.0,11.0,11.0,0.0
2025-03-04,Bengaluru,Day,Email Frontline,A3022,Steven Tiwari,3,0,256.0,406.4,235.66666666666666,0.0
2025-03-04,Bengaluru,Day,Escalations & Warranty,A3042,Steven Chopra,2,0,3.5,6.3,3.5,0.0
2025-03-04,Bengaluru,Day,Logistics,A3030,Sunita Srivastava,6,0,10.5,96.5,37.666666666666664,0.0
2025-03-04,Bengaluru,Day,Returns Desk,A3036,Rohit Shinde,3,0,151.0,263.8,148.0,0.0
2025-03-04,Bengaluru,Day,Returns Desk,A3038,Amit Yadav,1,0,12.0,12.0,12.0,0.0
2025-03-04,Bengaluru,Day,Voice Frontline,A3023,Rahul Khanna,3,0,22.0,48.4,27.333333333333332,0.0
2025-03-04,Bengaluru,Morning,Billing,A3033,Amit Kulkarni,4,0,106.0,245.50000000000003,127.0,0.0
2025-03-04,Bengaluru,Morning,Billing,A3035,Rohit Mukherjee,1,0,0.0,0.0,0.0,0.0
2025-03-04,Bengaluru,Morning,Chat Frontline,A3005,Sameer Joshi,1,0,6.0,6.0,6.0,0.0
2025-03-04,Bengaluru,Morning,Chat Frontline,A3007,Neha Gaikwad,1,0,4.0,4.0,4.0,0.0
2025-03-04,Bengaluru,Morning,Email Frontline,A3018,Farah Sheikh,5,3,504.0,637.2,451.0,0.6
2025-03-04,Bengaluru,Morning,Email Frontline,A3019,Sai Sandhu,5,1,120.0,481.40000000000003,227.0,0.2
2025-03-04,Bengaluru,Morning,Escalations & Warranty,A3043,Rohit Jain,4,1,110.5,358.3,160.0,0.25
2025-03-04,Bengaluru,Morning,Logistics,A3031,Om Malhotra,8,0,27.5,125.7,52.625,0.0
2025-03-04,Bengaluru,Morning,Returns Desk,A3037,Rahul Sen,3,0,10.0,42.800000000000004,22.333333333333332,0.0
2025-03-04,Bengaluru,Morning,Voice Frontline,A3025,Lobsang Rao,1,0,13.0,13.0,13.0,0.0
2025-03-04,Indore,Day,Escalations & Warranty,A3041,Riya Fernandes,1,0,0.0,0.0,0.0,0.0
2025-03-04,Indore,Morning,Chat Frontline,A3008,Steven Kaur,1,0,2.0,2.0,2.0,0.0
2025-03-04,Indore,Morning,Chat Frontline,A3010,Neha Chatterjee,2,0,0.5,0.9,0.5,0.0
2025-03-04,Indore,Morning,Chat Frontline,A3013,Ritika Chatterjee,1,0,3.0,3.0,3.0,0.0
2025-03-04,Indore,Morning,Logistics,A3028,Krishna Kaur,7,1,2.0,288.6000000000002,99.14285714285714,0.14285714285714285
2025-03-04,Indore,Night,Chat Frontline,A3001,Zoya Mehta,4,0,6.0,41.20000000000001,17.25,0.0
2025-03-04,Indore,Night,Chat Frontline,A3002,Tarun Mishra,2,0,307.5,430.3,307.5,0.0
2025-03-04,Indore,Night,Chat Frontline,A3003,Harpreet Deshpande,2,0,180.5,229.7,180.5,0.0
2025-03-04,Indore,Night,Email Frontline,A3016,Deepak Jadhav,1,0,35.0,35.0,35.0,0.0
2025-03-04,Indore,Night,Email Frontline,A3017,Shreya Bhatt,1,0,345.0,345.0,345.0,0.0
2025-03-11,Bengaluru,Day,Billing,A3034,Thomas Patel,9,0,18.0,150.20000000000002,47.55555555555556,0.0
2025-03-11,Bengaluru,Day,Chat Frontline,A3004,Krishna Naidu,3,0,5.0,120.2,52.333333333333336,0.0
2025-03-11,Bengaluru,Day,Chat Frontline,A3006,Lakshmi Reddy,4,1,8.5,21.800000000000004,11.25,0.25
2025-03-11,Bengaluru,Day,Chat Frontline,A3015,Yash Agarwal,3,0,29.0,42.6,29.0,0.0
2025-03-11,Bengaluru,Day,Email Frontline,A3021,Aditya Dhillon,4,0,140.5,187.3,130.75,0.0
2025-03-11,Bengaluru,Day,Email Frontline,A3022,Steven Tiwari,3,0,134.0,182.0,109.66666666666667,0.0
2025-03-11,Bengaluru,Day,Logistics,A3029,Rajat Iyer,4,0,65.5,374.00000000000006,152.75,0.0
2025-03-11,Bengaluru,Day,Logistics,A3030,Sunita Srivastava,2,0,2.0,3.6,2.0,0.0
2025-03-11,Bengaluru,Day,Returns Desk,A3036,Rohit Shinde,3,0,0.0,93.60000000000001,39.0,0.0
2025-03-11,Bengaluru,Day,Returns Desk,A3038,Amit Yadav,5,0,83.0,392.2,174.6,0.0
2025-03-11,Bengaluru,Day,Voice Frontline,A3023,Rahul Khanna,1,0,14.0,14.0,14.0,0.0
2025-03-11,Bengaluru,Day,Voice Frontline,A3026,Lakshmi Qureshi,2,0,13.0,13.8,13.0,0.0
2025-03-11,Bengaluru,Morning,Billing,A3033,Amit Kulkarni,5,1,64.0,374.6,163.6,0.2
2025-03-11,Bengaluru,Morning,Billing,A3035,Rohit Mukherjee,3,0,84.0,174.4,95.33333333333333,0.0
2025-03-11,Bengaluru,Morning,Chat Frontline,A3007,Neha Gaikwad,1,0,3.0,3.0,3.0,0.0
2025-03-11,Bengaluru,Morning,Chat Frontline,A3014,Diya Patil,1,0,6.0,6.0,6.0,0.0
2025-03-11,Bengaluru,Morning,Email Frontline,A3018,Farah Sheikh,2,1,338.5,479.7,338.5,0.5
2025-03-11,Bengaluru,Morning,Email Frontline,A3019,Sai Sandhu,3,0,193.0,325.8,197.33333333333334,0.0
2025-03-11,Bengaluru,Morning,Escalations & Warranty,A3039,Riya Gaikwad,2,1,424.5,747.3,424.5,0.5
2025-03-11,Bengaluru,Morning,Escalations & Warranty,A3043,Rohit Jain,3,0,2.0,6.800000000000001,4.0,0.0
2025-03-11,Bengaluru,Morning,Logistics,A3031,Om Malhotra,5,1,82.0,682.8000000000001,254.0,0.2
2025-03-11,Bengaluru,Morning,Returns Desk,A3037,Rahul Sen,7,0,10.0,40.600000000000016,18.142857142857142,0.0
2025-03-11,Bengaluru,Morning,Voice Frontline,A3025,Lobsang Rao,1,0,47.0,47.0,47.0,0.0
2025-03-11,Indore,Day,Escalations & Warranty,A3041,Riya Fernandes,1,0,0.0,0.0,0.0,0.0
2025-03-11,Indore,Day,Logistics,A3027,Dev Chatterjee,2,0,23.0,38.2,23.0,0.0
2025-03-11,Indore,Morning,Billing,A3032,Aadhya Sheikh,3,2,18.0,589.2,255.33333333333334,0.6666666666666666
2025-03-11,Indore,Morning,Chat Frontline,A3008,Steven Kaur,1,0,6.0,6.0,6.0,0.0
2025-03-11,Indore,Morning,Chat Frontline,A3011,Karan Roy,4,1,6.0,13.600000000000001,7.5,0.25
2025-03-11,Indore,Morning,Logistics,A3028,Krishna Kaur,2,1,270.5,485.3,270.5,0.5
2025-03-11,Indore,Night,Chat Frontline,A3002,Tarun Mishra,3,0,143.0,360.6,189.0,0.0
2025-03-11,Indore,Night,Chat Frontline,A3003,Harpreet Deshpande,2,0,11.5,19.1,11.5,0.0
2025-03-11,Indore,Night,Email Frontline,A3016,Deepak Jadhav,1,1,940.0,940.0,940.0,1.0
2025-03-11,Indore,Night,Email Frontline,A3017,Shreya Bhatt,1,0,3.0,3.0,3.0,0.0
2025-03-18,Bengaluru,Day,Billing,A3034,Thomas Patel,3,0,40.0,80.8,45.333333333333336,0.0
2025-03-18,Bengaluru,Day,Chat Frontline,A3004,Krishna Naidu,1,0,5.0,5.0,5.0,0.0
2025-03-18,Bengaluru,Day,Chat Frontline,A3006,Lakshmi Reddy,3,0,5.0,10.6,5.666666666666667,0.0
2025-03-18,Bengaluru,Day,Chat Frontline,A3012,Lakshmi Sethi,2,0,4.0,4.8,4.0,0.0
2025-03-18,Bengaluru,Day,Chat Frontline,A3015,Yash Agarwal,3,0,5.0,49.800000000000004,22.333333333333332,0.0
2025-03-18,Bengaluru,Day,Email Frontline,A3020,Ramesh Ghosh,2,0,204.0,213.6,204.0,0.0
2025-03-18,Bengaluru,Day,Email Frontline,A3021,Aditya Dhillon,1,0,7.0,7.0,7.0,0.0
2025-03-18,Bengaluru,Day,Email Frontline,A3022,Steven Tiwari,1,1,1244.0,1244.0,1244.0,1.0
2025-03-18,Bengaluru,Day,Escalations & Warranty,A3042,Steven Chopra,1,0,3.0,3.0,3.0,0.0
2025-03-18,Bengaluru,Day,Escalations & Warranty,A3044,Kunal Malhotra,1,0,8.0,8.0,8.0,0.0
2025-03-18,Bengaluru,Day,Logistics,A3029,Rajat Iyer,3,0,111.0,142.2,88.66666666666667,0.0
2025-03-18,Bengaluru,Day,Logistics,A3030,Sunita Srivastava,3,0,113.0,151.4,100.33333333333333,0.0
2025-03-18,Bengaluru,Day,Returns Desk,A3036,Rohit Shinde,5,0,22.0,64.0,31.0,0.0
2025-03-18,Bengaluru,Day,Returns Desk,A3038,Amit Yadav,2,1,1063.0,1842.2,1063.0,0.5
2025-03-18,Bengaluru,Day,Voice Frontline,A3023,Rahul Khanna,2,0,48.0,55.2,48.0,0.0
2025-03-18,Bengaluru,Morning,Billing,A3033,Amit Kulkarni,4,2,115.5,659.2000000000002,277.5,0.5
2025-03-18,Bengaluru,Morning,Billing,A3035,Rohit Mukherjee,5,0,7.0,94.4,38.0,0.0
2025-03-18,Bengaluru,Morning,Chat Frontline,A3009,Ramesh Patel,2,0,3.0,4.6,3.0,0.0
2025-03-18,Bengaluru,Morning,Chat Frontline,A3014,Diya Patil,3,0,2.0,6.0,3.3333333333333335,0.0
2025-03-18,Bengaluru,Morning,Email Frontline,A3019,Sai Sandhu,3,0,258.0,262.8,185.66666666666666,0.0
2025-03-18,Bengaluru,Morning,Escalations & Warranty,A3039,Riya Gaikwad,2,0,191.5,339.9,191.5,0.0
2025-03-18,Bengaluru,Morning,Escalations & Warranty,A3043,Rohit Jain,2,1,88.0,145.6,88.0,0.5
2025-03-18,Bengaluru,Morning,Logistics,A3031,Om Malhotra,3,1,51.0,279.8,142.66666666666666,0.3333333333333333
2025-03-18,Bengaluru,Morning,Returns Desk,A3037,Rahul Sen,6,0,9.5,311.5,107.66666666666667,0.0
2025-03-18,Bengaluru,Morning,Voice Frontline,A3024,Kunal Khanna,1,0,24.0,24.0,24.0,0.0
2025-03-18,Bengaluru,Morning,Voice Frontline,A3025,Lobsang Rao,1,0,29.0,29.0,29.0,0.0
2025-03-18,Indore,Day,Logistics,A3027,Dev Chatterjee,2,0,2.5,3.7,2.5,0.0
2025-03-18,Indore,Morning,Billing,A3032,Aadhya Sheikh,3,0,1.0,5.800000000000001,2.6666666666666665,0.0
2025-03-18,Indore,Morning,Chat Frontline,A3011,Karan Roy,2,0,67.0,111.0,67.0,0.0
2025-03-18,Indore,Morning,Chat Frontline,A3013,Ritika Chatterjee,1,0,5.0,5.0,5.0,0.0
2025-03-18,Indore,Morning,Logistics,A3028,Krishna Kaur,4,1,18.0,87.90000000000002,41.5,0.25
2025-03-18,Indore,Night,Chat Frontline,A3001,Zoya Mehta,2,0,79.0,100.6,79.0,0.0
2025-03-18,Indore,Night,Chat Frontline,A3003,Harpreet Deshpande,3,0,155.0,210.2,143.0,0.0
2025-03-18,Indore,Night,Email Frontline,A3016,Deepak Jadhav,1,0,1.0,1.0,1.0,0.0
2025-03-18,Indore,Night,Email Frontline,A3017,Shreya Bhatt,2,1,14.0,24.4,14.0,0.5
2025-03-25,Bengaluru,Day,Billing,A3034,Thomas Patel,3,0,0.0,0.8,0.3333333333333333,0.0
2025-03-25,Bengaluru,Day,Chat Frontline,A3004,Krishna Naidu,4,0,4.5,8.100000000000001,4.5,0.0
2025-03-25,Bengaluru,Day,Chat Frontline,A3006,Lakshmi Reddy,3,0,3.0,3.8,2.3333333333333335,0.0
2025-03-25,Bengaluru,Day,Chat Frontline,A3012,Lakshmi Sethi,2,0,43.5,76.7,43.5,0.0
2025-03-25,Bengaluru,Day,Chat Frontline,A3015,Yash Agarwal,2,0,28.5,50.5,28.5,0.0
2025-03-25,Bengaluru,Day,Email Frontline,A3020,Ramesh Ghosh,2,0,325.5,415.5,325.5,0.0
2025-03-25,Bengaluru,Day,Email Frontline,A3021,Aditya Dhillon,4,1,218.5,529.8000000000001,298.0,0.25
2025-03-25,Bengaluru,Day,Email Frontline,A3022,Steven Tiwari,1,0,80.0,80.0,80.0,0.0
2025-03-25,Bengaluru,Day,Escalations & Warranty,A3040,Thomas Arora,1,0,3.0,3.0,3.0,0.0
2025-03-25,Bengaluru,Day,Escalations & Warranty,A3042,Steven Chopra,2,0,63.5,109.5,63.5,0.0
2025-03-25,Bengaluru,Day,Logistics,A3030,Sunita Srivastava,2,0,1.0,1.0,1.0,0.0
2025-03-25,Bengaluru,Day,Returns Desk,A3036,Rohit Shinde,5,1,16.0,309.20000000000005,115.2,0.2
2025-03-25,Bengaluru,Day,Returns Desk,A3038,Amit Yadav,2,0,39.5,39.9,39.5,0.0
2025-03-25,Bengaluru,Day,Voice Frontline,A3023,Rahul Khanna,1,0,52.0,52.0,52.0,0.0
2025-03-25,Bengaluru,Day,Voice Frontline,A3026,Lakshmi Qureshi,2,0,40.0,42.4,40.0,0.0
2025-03-25,Bengaluru,Morning,Billing,A3033,Amit Kulkarni,2,0,80.5,130.5,80.5,0.0
2025-03-25,Bengaluru,Morning,Billing,A3035,Rohit Mukherjee,4,1,106.5,408.6000000000001,189.0,0.25
2025-03-25,Bengaluru,Morning,Chat Frontline,A3005,Sameer Joshi,1,0,22.0,22.0,22.0,0.0
2025-03-25,Bengaluru,Morning,Chat Frontline,A3009,Ramesh Patel,2,0,9.5,12.3,9.5,0.0
2025-03-25,Bengaluru,Morning,Chat Frontline,A3014,Diya Patil,1,0,3.0,3.0,3.0,0.0
2025-03-25,Bengaluru,Morning,Email Frontline,A3018,Farah Sheikh,2,1,462.5,786.1,462.5,0.5
2025-03-25,Bengaluru,Morning,Email Frontline,A3019,Sai Sandhu,1,1,1250.0,1250.0,1250.0,1.0
2025-03-25,Bengaluru,Morning,Escalations & Warranty,A3039,Riya Gaikwad,3,0,4.0,12.8,7.333333333333333,0.0
2025-03-25,Bengaluru,Morning,Escalations & Warranty,A3043,Rohit Jain,3,0,162.0,241.2,141.33333333333334,0.0
2025-03-25,Bengaluru,Morning,Logistics,A3031,Om Malhotra,4,0,83.0,118.7,73.0,0.0
2025-03-25,Bengaluru,Morning,Returns Desk,A3037,Rahul Sen,7,1,47.0,416.20000000000016,152.71428571428572,0.14285714285714285
2025-03-25,Bengaluru,Morning,Voice Frontline,A3025,Lobsang Rao,2,0,33.5,40.3,33.5,0.0
2025-03-25,Indore,Day,Logistics,A3027,Dev Chatterjee,1,0,5.0,5.0,5.0,0.0
2025-03-25,Indore,Morning,Billing,A3032,Aadhya Sheikh,8,1,47.5,300.19999999999993,113.375,0.125
2025-03-25,Indore,Morning,Chat Frontline,A3008,Steven Kaur,1,0,5.0,5.0,5.0,0.0
2025-03-25,Indore,Morning,Chat Frontline,A3010,Neha Chatterjee,2,0,4.5,5.7,4.5,0.0
2025-03-25,Indore,Morning,Chat Frontline,A3011,Karan Roy,2,1,122.0,190.0,122.0,0.5
2025-03-25,Indore,Morning,Chat Frontline,A3013,Ritika Chatterjee,1,0,100.0,100.0,100.0,0.0
2025-03-25,Indore,Morning,Logistics,A3028,Krishna Kaur,2,0,3.0,3.8,3.0,0.0
2025-03-25,Indore,Night,Chat Frontline,A3001,Zoya Mehta,1,0,202.0,202.0,202.0,0.0
2025-03-25,Indore,Night,Chat Frontline,A3002,Tarun Mishra,3,0,127.0,311.8,163.66666666666666,0.0
2025-03-25,Indore,Night,Chat Frontline,A3003,Harpreet Deshpande,1,0,68.0,68.0,68.0,0.0
2025-04-01,Bengaluru,Day,Billing,A3034,Thomas Patel,6,1,41.0,165.0,69.66666666666667,0.16666666666666666
2025-04-01,Bengaluru,Day,Chat Frontline,A3004,Krishna Naidu,5,1,7.0,149.20000000000002,52.0,0.2
2025-04-01,Bengaluru,Day,Chat Frontline,A3006,Lakshmi Reddy,2,0,5.0,8.2,5.0,0.0
2025-04-01,Bengaluru,Day,Chat Frontline,A3012,Lakshmi Sethi,4,0,3.5,7.1000000000000005,4.25,0.0
2025-04-01,Bengaluru,Day,Chat Frontline,A3015,Yash Agarwal,2,1,99.0,159.8,99.0,0.5
2025-04-01,Bengaluru,Day,Email Frontline,A3020,Ramesh Ghosh,2,0,126.0,134.0,126.0,0.0
2025-04-01,Bengaluru,Day,Email Frontline,A3021,Aditya Dhillon,3,0,103.0,143.0,99.33333333333333,0.0
2025-04-01,Bengaluru,Day,Email Frontline,A3022,Steven Tiwari,1,0,101.0,101.0,101.0,0.0
2025-04-01,Bengaluru,Day,Escalations & Warranty,A3040,Thomas Arora,2,0,39.0,62.2,39.0,0.0
2025-04-01,Bengaluru,Day,Logistics,A3029,Rajat Iyer,1,0,224.0,224.0,224.0,0.0
2025-04-01,Bengaluru,Day,Logistics,A3030,Sunita Srivastava,1,0,8.0,8.0,8.0,0.0
2025-04-01,Bengaluru,Day,Returns Desk,A3036,Rohit Shinde,1,0,27.0,27.0,27.0,0.0
2025-04-01,Bengaluru,Day,Returns Desk,A3038,Amit Yadav,1,0,113.0,113.0,113.0,0.0
2025-04-01,Bengaluru,Day,Voice Frontline,A3026,Lakshmi Qureshi,1,1,140.0,140.0,140.0,1.0
2025-04-01,Bengaluru,Morning,Billing,A3033,Amit Kulkarni,2,0,32.5,54.5,32.5,0.0
2025-04-01,Bengaluru,Morning,Billing,A3035,Rohit Mukherjee,4,1,222.0,3707.2000000000007,1406.25,0.25
2025-04-01,Bengaluru,Morning,Chat Frontline,A3005,Sameer Joshi,2,0,4.0,4.0,4.0,0.0
2025-04-01,Bengaluru,Morning,Chat Frontline,A3009,Ramesh Patel,3,0,3.0,9.4,5.333333333333333,0.0
2025-04-01,Bengaluru,Morning,Chat Frontline,A3014,Diya Patil,3,1,14.0,71.60000000000001,33.666666666666664,0.3333333333333333
2025-04-01,Bengaluru,Morning,Email Frontline,A3018,Farah Sheikh,2,0,178.5,240.5,178.5,0.0
2025-04-01,Bengaluru,Morning,Email Frontline,A3019,Sai Sandhu,3,0,107.0,111.8,102.33333333333333,0.0
2025-04-01,Bengaluru,Morning,Escalations & Warranty,A3039,Riya Gaikwad,1,0,1.0,1.0,1.0,0.0
2025-04-01,Bengaluru,Morning,Escalations & Warranty,A3043,Rohit Jain,2,1,246.5,437.3,246.5,0.5
2025-04-01,Bengaluru,Morning,Logistics,A3031,Om Malhotra,7,0,8.0,160.20000000000013,59.42857142857143,0.0
2025-04-01,Bengaluru,Morning,Returns Desk,A3037,Rahul Sen,1,0,3.0,3.0,3.0,0.0
2025-04-01,Bengaluru,Morning,Voice Frontline,A3024,Kunal Khanna,3,0,43.0,63.0,38.333333333333336,0.0
2025-04-01,Bengaluru,Morning,Voice Frontline,A3025,Lobsang Rao,1,0,48.0,48.0,48.0,0.0
2025-04-01,Indore,Day,Logistics,A3027,Dev Chatterjee,4,1,34.5,92.80000000000001,45.75,0.25
2025-04-01,Indore,Morning,Billing,A3032,Aadhya Sheikh,4,0,21.0,37.7,23.25,0.0
2025-04-01,Indore,Morning,Chat Frontline,A3008,Steven Kaur,3,0,2.0,108.4,46.0,0.0
2025-04-01,Indore,Morning,Chat Frontline,A3010,Neha Chatterjee,2,0,231.0,366.2,231.0,0.0
2025-04-01,Indore,Morning,Chat Frontline,A3011,Karan Roy,3,1,6.0,14.0,7.333333333333333,0.3333333333333333
2025-04-01,Indore,Morning,Chat Frontline,A3013,Ritika Chatterjee,2,0,3.5,5.5,3.5,0.0
2025-04-01,Indore,Morning,Logistics,A3028,Krishna Kaur,6,0,189.5,379.5,191.16666666666666,0.0
2025-04-01,Indore,Night,Chat Frontline,A3001,Zoya Mehta,1,0,228.0,228.0,228.0,0.0
2025-04-01,Indore,Night,Chat Frontline,A3002,Tarun Mishra,3,0,4.0,260.8,110.0,0.0
2025-04-01,Indore,Night,Chat Frontline,A3003,Harpreet Deshpande,1,0,5.0,5.0,5.0,0.0
2025-04-01,Indore,Night,Email Frontline,A3016,Deepak Jadhav,2,1,86.5,142.1,86.5,0.5
2025-04-01,Indore,Night,Email Frontline,A3017,Shreya Bhatt,4,0,62.5,132.0,67.25,0.0
2025-04-08,Bengaluru,Day,Billing,A3034,Thomas Patel,4,0,47.5,134.90000000000003,66.75,0.0
2025-04-08,Bengaluru,Day,Chat Frontline,A3004,Krishna Naidu,1,0,6.0,6.0,6.0,0.0
2025-04-08,Bengaluru,Day,Chat Frontline,A3006,Lakshmi Reddy,3,0,3.0,3.0,2.3333333333333335,0.0
2025-04-08,Bengaluru,Day,Chat Frontline,A3012,Lakshmi Sethi,2,0,4.5,6.5,4.5,0.0
2025-04-08,Bengaluru,Day,Chat Frontline,A3015,Yash Agarwal,4,1,59.5,209.90000000000003,95.0,0.25
2025-04-08,Bengaluru,Day,Email Frontline,A3020,Ramesh Ghosh,1,0,139.0,139.0,139.0,0.0
2025-04-08,Bengaluru,Day,Email Frontline,A3021,Aditya Dhillon,1,0,193.0,193.0,193.0,0.0
2025-04-08,Bengaluru,Day,Email Frontline,A3022,Steven Tiwari,1,0,380.0,380.0,380.0,0.0
2025-04-08,Bengaluru,Day,Escalations & Warranty,A3040,Thomas Arora,1,0,6.0,6.0,6.0,0.0
2025-04-08,Bengaluru,Day,Escalations & Warranty,A3044,Kunal Malhotra,1,0,30.0,30.0,30.0,0.0
2025-04-08,Bengaluru,Day,Logistics,A3029,Rajat Iyer,2,0,31.0,54.2,31.0,0.0
2025-04-08,Bengaluru,Day,Logistics,A3030,Sunita Srivastava,1,0,29.0,29.0,29.0,0.0
2025-04-08,Bengaluru,Day,Returns Desk,A3038,Amit Yadav,3,0,54.0,72.4,46.0,0.0
2025-04-08,Bengaluru,Day,Voice Frontline,A3023,Rahul Khanna,1,0,23.0,23.0,23.0,0.0
2025-04-08,Bengaluru,Day,Voice Frontline,A3026,Lakshmi Qureshi,1,0,27.0,27.0,27.0,0.0
2025-04-08,Bengaluru,Morning,Billing,A3033,Amit Kulkarni,4,0,6.0,26.500000000000004,11.5,0.0
2025-04-08,Bengaluru,Morning,Chat Frontline,A3005,Sameer Joshi,2,0,8.0,11.2,8.0,0.0
2025-04-08,Bengaluru,Morning,Chat Frontline,A3009,Ramesh Patel,2,0,4.0,6.4,4.0,0.0
2025-04-08,Bengaluru,Morning,Email Frontline,A3018,Farah Sheikh,1,0,36.0,36.0,36.0,0.0
2025-04-08,Bengaluru,Morning,Email Frontline,A3019,Sai Sandhu,5,1,59.0,489.6,202.4,0.2
2025-04-08,Bengaluru,Morning,Escalations & Warranty,A3039,Riya Gaikwad,2,0,72.5,128.1,72.5,0.0
2025-04-08,Bengaluru,Morning,Escalations & Warranty,A3043,Rohit Jain,2,0,132.0,168.8,132.0,0.0
2025-04-08,Bengaluru,Morning,Logistics,A3031,Om Malhotra,5,0,9.0,208.0,83.8,0.0
2025-04-08,Bengaluru,Morning,Returns Desk,A3037,Rahul Sen,3,1,366.0,462.8,329.0,0.3333333333333333
2025-04-08,Indore,Day,Escalations & Warranty,A3041,Riya Fernandes,1,0,212.0,212.0,212.0,0.0
2025-04-08,Indore,Day,Logistics,A3027,Dev Chatterjee,5,1,25.0,161.2,73.0,0.2
2025-04-08,Indore,Morning,Billing,A3032,Aadhya Sheikh,4,0,7.5,16.3,9.75,0.0
2025-04-08,Indore,Morning,Chat Frontline,A3008,Steven Kaur,2,0,1.0,1.8,1.0,0.0
2025-04-08,Indore,Morning,Chat Frontline,A3010,Neha Chatterjee,3,0,3.0,3.8,2.6666666666666665,0.0
2025-04-08,Indore,Morning,Chat Frontline,A3011,Karan Roy,1,0,23.0,23.0,23.0,0.0
2025-04-08,Indore,Morning,Chat Frontline,A3013,Ritika Chatterjee,2,0,3.0,4.6,3.0,0.0
2025-04-08,Indore,Morning,Logistics,A3028,Krishna Kaur,2,0,26.0,46.0,26.0,0.0
2025-04-08,Indore,Night,Chat Frontline,A3001,Zoya Mehta,3,2,46.0,567.6,254.66666666666666,0.6666666666666666
2025-04-08,Indore,Night,Chat Frontline,A3002,Tarun Mishra,2,1,851.0,1434.2,851.0,0.5
2025-04-08,Indore,Night,Chat Frontline,A3003,Harpreet Deshpande,2,0,342.0,364.4,342.0,0.0
2025-04-08,Indore,Night,Email Frontline,A3016,Deepak Jadhav,3,0,119.0,173.4,118.33333333333333,0.0
2025-04-08,Indore,Night,Email Frontline,A3017,Shreya Bhatt,2,0,58.5,102.10000000000001,58.5,0.0
2025-04-15,Bengaluru,Day,Billing,A3034,Thomas Patel,3,0,229.0,396.2,223.66666666666666,0.0
2025-04-15,Bengaluru,Day,Chat Frontline,A3004,Krishna Naidu,3,0,32.0,112.0,55.0,0.0
2025-04-15,Bengaluru,Day,Chat Frontline,A3006,Lakshmi Reddy,4,0,45.0,114.80000000000001,55.25,0.0
2025-04-15,Bengaluru,Day,Chat Frontline,A3012,Lakshmi Sethi,3,0,4.0,4.8,3.6666666666666665,0.0
2025-04-15,Bengaluru,Day,Chat Frontline,A3015,Yash Agarwal,4,2,11.5,18.4,11.0,0.5
2025-04-15,Bengaluru,Day,Email Frontline,A3020,Ramesh Ghosh,1,0,47.0,47.0,47.0,0.0
2025-04-15,Bengaluru,Day,Email Frontline,A3021,Aditya Dhillon,1,0,31.0,31.0,31.0,0.0
2025-04-15,Bengaluru,Day,Email Frontline,A3022,Steven Tiwari,5,0,208.0,387.40000000000003,238.4,0.0
2025-04-15,Bengaluru,Day,Escalations & Warranty,A3044,Kunal Malhotra,1,0,12.0,12.0,12.0,0.0
2025-04-15,Bengaluru,Day,Logistics,A3029,Rajat Iyer,3,2,30.0,338.8,156.33333333333334,0.6666666666666666
2025-04-15,Bengaluru,Day,Logistics,A3030,Sunita Srivastava,1,1,1092.0,1092.0,1092.0,1.0
2025-04-15,Bengaluru,Day,Returns Desk,A3036,Rohit Shinde,1,0,3.0,3.0,3.0,0.0
2025-04-15,Bengaluru,Day,Returns Desk,A3038,Amit Yadav,2,0,213.0,364.2,213.0,0.0
2025-04-15,Bengaluru,Day,Voice Frontline,A3023,Rahul Khanna,2,0,32.0,39.2,32.0,0.0
2025-04-15,Bengaluru,Day,Voice Frontline,A3026,Lakshmi Qureshi,3,1,85.0,143.4,83.66666666666667,0.3333333333333333
2025-04-15,Bengaluru,Morning,Billing,A3033,Amit Kulkarni,2,0,2.5,3.7,2.5,0.0
2025-04-15,Bengaluru,Morning,Billing,A3035,Rohit Mukherjee,1,0,2.0,2.0,2.0,0.0
2025-04-15,Bengaluru,Morning,Chat Frontline,A3005,Sameer Joshi,1,0,2.0,2.0,2.0,0.0
2025-04-15,Bengaluru,Morning,Chat Frontline,A3007,Neha Gaikwad,1,0,37.0,37.0,37.0,0.0
2025-04-15,Bengaluru,Morning,Chat Frontline,A3009,Ramesh Patel,1,1,34.0,34.0,34.0,1.0
2025-04-15,Bengaluru,Morning,Chat Frontline,A3014,Diya Patil,1,0,46.0,46.0,46.0,0.0
2025-04-15,Bengaluru,Morning,Email Frontline,A3019,Sai Sandhu,2,0,171.0,263.0,171.0,0.0
2025-04-15,Bengaluru,Morning,Escalations & Warranty,A3039,Riya Gaikwad,7,2,18.0,814.2000000000005,291.7142857142857,0.2857142857142857
2025-04-15,Bengaluru,Morning,Escalations & Warranty,A3043,Rohit Jain,3,0,15.0,64.60000000000001,32.0,0.0
2025-04-15,Bengaluru,Morning,Logistics,A3031,Om Malhotra,6,1,120.0,743.5,289.1666666666667,0.16666666666666666
2025-04-15,Bengaluru,Morning,Returns Desk,A3037,Rahul Sen,3,0,3.0,8.6,4.666666666666667,0.0
2025-04-15,Bengaluru,Morning,Voice Frontline,A3024,Kunal Khanna,1,0,78.0,78.0,78.0,0.0
2025-04-15,Indore,Day,Logistics,A3027,Dev Chatterjee,2,0,36.5,37.7,36.5,0.0
2025-04-15,Indore,Morning,Billing,A3032,Aadhya Sheikh,2,1,269.5,484.3,269.5,0.5
2025-04-15,Indore,Morning,Chat Frontline,A3008,Steven Kaur,2,0,2.5,3.7,2.5,0.0
2025-04-15,Indore,Morning,Chat Frontline,A3010,Neha Chatterjee,1,0,10.0,10.0,10.0,0.0
2025-04-15,Indore,Morning,Chat Frontline,A3013,Ritika Chatterjee,3,0,1.0,22.6,10.0,0.0
2025-04-15,Indore,Morning,Logistics,A3028,Krishna Kaur,3,0,102.0,105.2,70.33333333333333,0.0
2025-04-15,Indore,Night,Chat Frontline,A3001,Zoya Mehta,3,0,24.0,81.60000000000001,45.333333333333336,0.0
2025-04-15,Indore,Night,Chat Frontline,A3002,Tarun Mishra,3,0,100.0,182.4,101.0,0.0
2025-04-15,Indore,Night,Email Frontline,A3016,Deepak Jadhav,4,1,30.0,112.70000000000002,49.5,0.25
2025-04-15,Indore,Night,Email Frontline,A3017,Shreya Bhatt,2,0,72.5,118.5,72.5,0.0
2025-04-22,Bengaluru,Day,Billing,A3034,Thomas Patel,5,1,54.0,335.6,132.8,0.2
2025-04-22,Bengaluru,Day,Chat Frontline,A3004,Krishna Naidu,5,0,15.0,51.2,24.8,0.0
2025-04-22,Bengaluru,Day,Chat Frontline,A3006,Lakshmi Reddy,1,0,3.0,3.0,3.0,0.0
2025-04-22,Bengaluru,Day,Chat Frontline,A3012,Lakshmi Sethi,3,0,11.0,59.800000000000004,29.0,0.0
2025-04-22,Bengaluru,Day,Chat Frontline,A3015,Yash Agarwal,2,0,4.5,5.7,4.5,0.0
2025-04-22,Bengaluru,Day,Email Frontline,A3020,Ramesh Ghosh,2,0,201.0,237.0,201.0,0.0
2025-04-22,Bengaluru,Day,Email Frontline,A3021,Aditya Dhillon,1,0,205.0,205.0,205.0,0.0
2025-04-22,Bengaluru,Day,Email Frontline,A3022,Steven Tiwari,3,0,67.0,67.8,55.333333333333336,0.0
2025-04-22,Bengaluru,Day,Escalations & Warranty,A3040,Thomas Arora,1,0,7.0,7.0,7.0,0.0
2025-04-22,Bengaluru,Day,Escalations & Warranty,A3042,Steven Chopra,2,0,16.5,19.3,16.5,0.0
2025-04-22,Bengaluru,Day,Escalations & Warranty,A3044,Kunal Malhotra,1,0,3.0,3.0,3.0,0.0
2025-04-22,Bengaluru,Day,Logistics,A3029,Rajat Iyer,1,0,73.0,73.0,73.0,0.0
2025-04-22,Bengaluru,Day,Logistics,A3030,Sunita Srivastava,1,0,3.0,3.0,3.0,0.0
2025-04-22,Bengaluru,Day,Returns Desk,A3036,Rohit Shinde,2,0,6.5,7.7,6.5,0.0
2025-04-22,Bengaluru,Day,Returns Desk,A3038,Amit Yadav,1,0,1.0,1.0,1.0,0.0
2025-04-22,Bengaluru,Day,Voice Frontline,A3023,Rahul Khanna,1,0,19.0,19.0,19.0,0.0
2025-04-22,Bengaluru,Day,Voice Frontline,A3026,Lakshmi Qureshi,2,0,29.0,45.8,29.0,0.0
2025-04-22,Bengaluru,Morning,Billing,A3033,Amit Kulkarni,3,0,13.0,325.8,141.0,0.0
2025-04-22,Bengaluru,Morning,Billing,A3035,Rohit Mukherjee,4,1,45.5,469.10000000000014,181.0,0.25
2025-04-22,Bengaluru,Morning,Chat Frontline,A3005,Sameer Joshi,3,0,0.0,4.800000000000001,2.0,0.0
2025-04-22,Bengaluru,Morning,Chat Frontline,A3007,Neha Gaikwad,2,0,19.0,31.0,19.0,0.0
2025-04-22,Bengaluru,Morning,Chat Frontline,A3014,Diya Patil,3,0,2.0,6.0,3.3333333333333335,0.0
2025-04-22,Bengaluru,Morning,Email Frontline,A3018,Farah Sheikh,2,0,73.0,129.8,73.0,0.0
2025-04-22,Bengaluru,Morning,Email Frontline,A3019,Sai Sandhu,4,0,72.0,349.70000000000005,160.25,0.0
2025-04-22,Bengaluru,Morning,Escalations & Warranty,A3039,Riya Gaikwad,3,1,47.0,598.2,276.0,0.3333333333333333
2025-04-22,Bengaluru,Morning,Escalations & Warranty,A3043,Rohit Jain,1,0,137.0,137.0,137.0,0.0
2025-04-22,Bengaluru,Morning,Logistics,A3031,Om Malhotra,4,1,254.0,486.80000000000007,296.75,0.25
2025-04-22,Bengaluru,Morning,Returns Desk,A3037,Rahul Sen,11,0,45.0,142.0,53.09090909090909,0.0
2025-04-22,Bengaluru,Morning,Voice Frontline,A3025,Lobsang Rao,1,0,39.0,39.0,39.0,0.0
2025-04-22,Indore,Day,Escalations & Warranty,A3041,Riya Fernandes,1,0,146.0,146.0,146.0,0.0
2025-04-22,Indore,Day,Logistics,A3027,Dev Chatterjee,3,0,41.0,45.8,33.0,0.0
2025-04-22,Indore,Morning,Billing,A3032,Aadhya Sheikh,2,0,29.5,51.5,29.5,0.0
2025-04-22,Indore,Morning,Chat Frontline,A3008,Steven Kaur,1,0,14.0,14.0,14.0,0.0
2025-04-22,Indore,Morning,Chat Frontline,A3010,Neha Chatterjee,3,0,9.0,158.60000000000002,69.66666666666667,0.0
2025-04-22,Indore,Morning,Chat Frontline,A3011,Karan Roy,1,0,3.0,3.0,3.0,0.0
2025-04-22,Indore,Morning,Logistics,A3028,Krishna Kaur,9,3,9.0,460.6,134.44444444444446,0.3333333333333333
2025-04-22,Indore,Night,Chat Frontline,A3001,Zoya Mehta,2,0,158.5,182.1,158.5,0.0
2025-04-22,Indore,Night,Chat Frontline,A3002,Tarun Mishra,1,0,1.0,1.0,1.0,0.0
2025-04-22,Indore,Night,Chat Frontline,A3003,Harpreet Deshpande,1,0,9.0,9.0,9.0,0.0
2025-04-22,Indore,Night,Email Frontline,A3016,Deepak Jadhav,4,0,29.0,94.50000000000001,43.0,0.0
2025-04-22,Indore,Night,Email Frontline,A3017,Shreya Bhatt,1,0,7.0,7.0,7.0,0.0
2025-04-29,Bengaluru,Day,Billing,A3034,Thomas Patel,4,0,17.0,33.9,18.25,0.0
2025-04-29,Bengaluru,Day,Chat Frontline,A3004,Krishna Naidu,3,0,3.0,9.4,5.666666666666667,0.0
2025-04-29,Bengaluru,Day,Chat Frontline,A3006,Lakshmi Reddy,4,0,6.5,9.4,6.0,0.0
2025-04-29,Bengaluru,Day,Chat Frontline,A3012,Lakshmi Sethi,5,0,6.0,45.60000000000001,17.0,0.0
2025-04-29,Bengaluru,Day,Chat Frontline,A3015,Yash Agarwal,3,0,5.0,147.4,63.666666666666664,0.0
2025-04-29,Bengaluru,Day,Email Frontline,A3020,Ramesh Ghosh,1,0,7.0,7.0,7.0,0.0
2025-04-29,Bengaluru,Day,Email Frontline,A3022,Steven Tiwari,1,0,128.0,128.0,128.0,0.0
2025-04-29,Bengaluru,Day,Escalations & Warranty,A3040,Thomas Arora,2,0,360.0,435.2,360.0,0.0
2025-04-29,Bengaluru,Day,Logistics,A3029,Rajat Iyer,2,0,158.0,282.0,158.0,0.0
2025-04-29,Bengaluru,Day,Logistics,A3030,Sunita Srivastava,2,0,46.0,51.6,46.0,0.0
2025-04-29,Bengaluru,Day,Returns Desk,A3036,Rohit Shinde,5,0,55.0,147.4,70.0,0.0
2025-04-29,Bengaluru,Day,Returns Desk,A3038,Amit Yadav,1,0,29.0,29.0,29.0,0.0
2025-04-29,Bengaluru,Day,Voice Frontline,A3023,Rahul Khanna,2,0,38.5,45.3,38.5,0.0
2025-04-29,Bengaluru,Day,Voice Frontline,A3026,Lakshmi Qureshi,3,0,14.0,14.8,13.666666666666666,0.0
2025-04-29,Bengaluru,Morning,Billing,A3033,Amit Kulkarni,2,0,48.5,84.9,48.5,0.0
2025-04-29,Bengaluru,Morning,Billing,A3035,Rohit Mukherjee,4,0,24.5,217.40000000000003,87.25,0.0
2025-04-29,Bengaluru,Morning,Chat Frontline,A3005,Sameer Joshi,3,0,2.0,5.2,3.0,0.0
2025-04-29,Bengaluru,Morning,Chat Frontline,A3007,Neha Gaikwad,5,0,6.0,10.4,6.4,0.0
2025-04-29,Bengaluru,Morning,Chat Frontline,A3009,Ramesh Patel,1,0,57.0,57.0,57.0,0.0
2025-04-29,Bengaluru,Morning,Email Frontline,A3018,Farah Sheikh,2,0,108.0,156.8,108.0,0.0
2025-04-29,Bengaluru,Morning,Email Frontline,A3019,Sai Sandhu,1,0,143.0,143.0,143.0,0.0
2025-04-29,Bengaluru,Morning,Escalations & Warranty,A3039,Riya Gaikwad,1,0,6.0,6.0,6.0,0.0
2025-04-29,Bengaluru,Morning,Escalations & Warranty,A3043,Rohit Jain,4,1,304.0,532.4000000000001,307.75,0.25
2025-04-29,Bengaluru,Morning,Logistics,A3031,Om Malhotra,7,3,128.0,338.00000000000006,164.57142857142858,0.42857142857142855
2025-04-29,Bengaluru,Morning,Returns Desk,A3037,Rahul Sen,5,0,4.0,48.400000000000006,18.0,0.0
2025-04-29,Bengaluru,Morning,Voice Frontline,A3024,Kunal Khanna,2,0,40.0,47.2,40.0,0.0
2025-04-29,Bengaluru,Morning,Voice Frontline,A3025,Lobsang Rao,2,0,42.5,53.3,42.5,0.0
2025-04-29,Indore,Day,Escalations & Warranty,A3041,Riya Fernandes,1,0,6.0,6.0,6.0,0.0
2025-04-29,Indore,Day,Logistics,A3027,Dev Chatterjee,5,1,6.0,133.8,49.0,0.2
2025-04-29,Indore,Morning,Billing,A3032,Aadhya Sheikh,2,0,6.0,8.4,6.0,0.0
2025-04-29,Indore,Morning,Chat Frontline,A3010,Neha Chatterjee,1,0,11.0,11.0,11.0,0.0
2025-04-29,Indore,Morning,Chat Frontline,A3011,Karan Roy,1,0,1.0,1.0,1.0,0.0
2025-04-29,Indore,Morning,Chat Frontline,A3013,Ritika Chatterjee,1,0,8.0,8.0,8.0,0.0
2025-04-29,Indore,Morning,Logistics,A3028,Krishna Kaur,9,0,103.0,328.20000000000005,130.44444444444446,0.0
2025-04-29,Indore,Night,Chat Frontline,A3001,Zoya Mehta,1,0,1.0,1.0,1.0,0.0
2025-04-29,Indore,Night,Chat Frontline,A3002,Tarun Mishra,2,0,9.0,9.8,9.0,0.0
2025-04-29,Indore,Night,Chat Frontline,A3003,Harpreet Deshpande,2,0,3.5,5.5,3.5,0.0
2025-04-29,Indore,Night,Email Frontline,A3016,Deepak Jadhav,3,1,271.0,846.2,421.0,0.3333333333333333
2025-04-29,Indore,Night,Email Frontline,A3017,Shreya Bhatt,2,0,1.5,1.9,1.5,0.0
2025-05-06,Bengaluru,Day,Billing,A3034,Thomas Patel,6,0,46.0,128.5,59.333333333333336,0.0
2025-05-06,Bengaluru,Day,Chat Frontline,A3004,Krishna Naidu,1,0,2.0,2.0,2.0,0.0
2025-05-06,Bengaluru,Day,Chat Frontline,A3012,Lakshmi Sethi,3,1,13.0,18.6,11.333333333333334,0.3333333333333333
2025-05-06,Bengaluru,Day,Email Frontline,A3020,Ramesh Ghosh,4,1,137.0,807.0000000000001,333.0,0.25
2025-05-06,Bengaluru,Day,Email Frontline,A3022,Steven Tiwari,1,0,26.0,26.0,26.0,0.0
2025-05-06,Bengaluru,Day,Escalations & Warranty,A3040,Thomas Arora,1,0,376.0,376.0,376.0,0.0
2025-05-06,Bengaluru,Day,Escalations & Warranty,A3042,Steven Chopra,1,0,28.0,28.0,28.0,0.0
2025-05-06,Bengaluru,Day,Logistics,A3029,Rajat Iyer,3,0,4.0,62.400000000000006,27.333333333333332,0.0
2025-05-06,Bengaluru,Day,Logistics,A3030,Sunita Srivastava,2,1,558.0,898.0,558.0,0.5
2025-05-06,Bengaluru,Day,Returns Desk,A3036,Rohit Shinde,1,0,7.0,7.0,7.0,0.0
2025-05-06,Bengaluru,Day,Returns Desk,A3038,Amit Yadav,4,0,153.0,313.5,160.0,0.0
2025-05-06,Bengaluru,Day,Voice Frontline,A3023,Rahul Khanna,1,0,33.0,33.0,33.0,0.0
2025-05-06,Bengaluru,Day,Voice Frontline,A3026,Lakshmi Qureshi,2,1,121.0,180.2,121.0,0.5
2025-05-06,Bengaluru,Morning,Billing,A3033,Amit Kulkarni,3,0,92.0,99.2,76.0,0.0
2025-05-06,Bengaluru,Morning,Billing,A3035,Rohit Mukherjee,4,0,5.0,106.40000000000003,39.75,0.0
2025-05-06,Bengaluru,Morning,Chat Frontline,A3005,Sameer Joshi,2,0,47.0,84.6,47.0,0.0
2025-05-06,Bengaluru,Morning,Chat Frontline,A3007,Neha Gaikwad,1,0,28.0,28.0,28.0,0.0
2025-05-06,Bengaluru,Morning,Chat Frontline,A3009,Ramesh Patel,1,0,1.0,1.0,1.0,0.0
2025-05-06,Bengaluru,Morning,Chat Frontline,A3014,Diya Patil,1,0,5.0,5.0,5.0,0.0
2025-05-06,Bengaluru,Morning,Email Frontline,A3019,Sai Sandhu,3,0,51.0,54.2,51.666666666666664,0.0
2025-05-06,Bengaluru,Morning,Escalations & Warranty,A3039,Riya Gaikwad,5,0,66.0,224.8,94.0,0.0
2025-05-06,Bengaluru,Morning,Escalations & Warranty,A3043,Rohit Jain,4,0,136.0,294.6,152.5,0.0
2025-05-06,Bengaluru,Morning,Logistics,A3031,Om Malhotra,4,0,156.0,174.1,122.0,0.0
2025-05-06,Bengaluru,Morning,Returns Desk,A3037,Rahul Sen,7,0,46.0,285.8,106.28571428571429,0.0
2025-05-06,Bengaluru,Morning,Voice Frontline,A3025,Lobsang Rao,2,0,35.0,55.8,35.0,0.0
2025-05-06,Indore,Day,Escalations & Warranty,A3041,Riya Fernandes,1,0,233.0,233.0,233.0,0.0
2025-05-06,Indore,Day,Logistics,A3027,Dev Chatterjee,1,0,170.0,170.0,170.0,0.0
2025-05-06,Indore,Morning,Billing,A3032,Aadhya Sheikh,2,0,8.0,8.8,8.0,0.0
2025-05-06,Indore,Morning,Chat Frontline,A3008,Steven Kaur,1,0,9.0,9.0,9.0,0.0
2025-05-06,Indore,Morning,Chat Frontline,A3013,Ritika Chatterjee,1,0,5.0,5.0,5.0,0.0
2025-05-06,Indore,Morning,Logistics,A3028,Krishna Kaur,4,0,31.5,78.80000000000001,39.5,0.0
2025-05-06,Indore,Night,Chat Frontline,A3001,Zoya Mehta,3,1,195.0,473.40000000000003,291.3333333333333,0.3333333333333333
2025-05-06,Indore,Night,Chat Frontline,A3002,Tarun Mishra,3,0,128.0,363.2,183.66666666666666,0.0
2025-05-06,Indore,Night,Chat Frontline,A3003,Harpreet Deshpande,1,1,481.0,481.0,481.0,1.0
2025-05-06,Indore,Night,Email Frontline,A3016,Deepak Jadhav,4,0,4.0,41.80000000000001,17.25,0.0
2025-05-06,Indore,Night,Email Frontline,A3017,Shreya Bhatt,3,0,9.0,158.60000000000002,71.0,0.0
2025-05-13,Bengaluru,Day,Billing,A3034,Thomas Patel,3,0,10.0,11.6,8.333333333333334,0.0
2025-05-13,Bengaluru,Day,Chat Frontline,A3004,Krishna Naidu,2,0,6.0,10.0,6.0,0.0
2025-05-13,Bengaluru,Day,Chat Frontline,A3006,Lakshmi Reddy,1,0,3.0,3.0,3.0,0.0
2025-05-13,Bengaluru,Day,Chat Frontline,A3012,Lakshmi Sethi,5,0,4.0,28.000000000000004,11.4,0.0
2025-05-13,Bengaluru,Day,Chat Frontline,A3015,Yash Agarwal,7,0,8.0,40.00000000000003,18.571428571428573,0.0
2025-05-13,Bengaluru,Day,Email Frontline,A3020,Ramesh Ghosh,3,0,233.0,274.6,192.0,0.0
2025-05-13,Bengaluru,Day,Email Frontline,A3021,Aditya Dhillon,1,0,77.0,77.0,77.0,0.0
2025-05-13,Bengaluru,Day,Email Frontline,A3022,Steven Tiwari,2,0,202.0,285.2,202.0,0.0
2025-05-13,Bengaluru,Day,Logistics,A3029,Rajat Iyer,3,1,17.0,19.4,15.0,0.3333333333333333
2025-05-13,Bengaluru,Day,Logistics,A3030,Sunita Srivastava,3,0,4.0,143.20000000000002,61.666666666666664,0.0
2025-05-13,Bengaluru,Day,Returns Desk,A3038,Amit Yadav,3,1,24.0,710.4000000000001,302.0,0.3333333333333333
2025-05-13,Bengaluru,Day,Voice Frontline,A3023,Rahul Khanna,3,2,121.0,214.6,139.33333333333334,0.6666666666666666
2025-05-13,Bengaluru,Day,Voice Frontline,A3026,Lakshmi Qureshi,1,0,48.0,48.0,48.0,0.0
2025-05-13,Bengaluru,Morning,Billing,A3033,Amit Kulkarni,3,1,8.0,20.8,11.0,0.3333333333333333
2025-05-13,Bengaluru,Morning,Chat Frontline,A3007,Neha Gaikwad,1,0,26.0,26.0,26.0,0.0
2025-05-13,Bengaluru,Morning,Chat Frontline,A3009,Ramesh Patel,1,0,7.0,7.0,7.0,0.0
2025-05-13,Bengaluru,Morning,Chat Frontline,A3014,Diya Patil,2,0,26.0,42.8,26.0,0.0
2025-05-13,Bengaluru,Morning,Email Frontline,A3019,Sai Sandhu,4,0,93.0,132.7,90.5,0.0
2025-05-13,Bengaluru,Morning,Escalations & Warranty,A3039,Riya Gaikwad,1,0,2.0,2.0,2.0,0.0
2025-05-13,Bengaluru,Morning,Escalations & Warranty,A3043,Rohit Jain,1,0,3.0,3.0,3.0,0.0
2025-05-13,Bengaluru,Morning,Logistics,A3031,Om Malhotra,7,1,96.0,195.4,99.85714285714286,0.14285714285714285
2025-05-13,Bengaluru,Morning,Returns Desk,A3037,Rahul Sen,8,1,16.0,185.39999999999995,68.375,0.125
2025-05-13,Bengaluru,Morning,Voice Frontline,A3024,Kunal Khanna,1,0,112.0,112.0,112.0,0.0
2025-05-13,Bengaluru,Morning,Voice Frontline,A3025,Lobsang Rao,2,0,13.0,13.8,13.0,0.0
2025-05-13,Indore,Day,Escalations & Warranty,A3041,Riya Fernandes,1,0,67.0,67.0,67.0,0.0
2025-05-13,Indore,Day,Logistics,A3027,Dev Chatterjee,1,0,58.0,58.0,58.0,0.0
2025-05-13,Indore,Morning,Billing,A3032,Aadhya Sheikh,5,1,98.0,132.4,75.8,0.2
2025-05-13,Indore,Morning,Chat Frontline,A3010,Neha Chatterjee,3,0,3.0,11.0,6.0,0.0
2025-05-13,Indore,Morning,Chat Frontline,A3011,Karan Roy,2,0,84.5,152.1,84.5,0.0
2025-05-13,Indore,Morning,Chat Frontline,A3013,Ritika Chatterjee,4,0,18.5,64.9,29.75,0.0
2025-05-13,Indore,Morning,Logistics,A3028,Krishna Kaur,7,1,38.0,481.40000000000003,159.57142857142858,0.14285714285714285
2025-05-13,Indore,Night,Chat Frontline,A3001,Zoya Mehta,2,0,164.5,236.9,164.5,0.0
2025-05-13,Indore,Night,Chat Frontline,A3002,Tarun Mishra,2,1,288.0,492.8,288.0,0.5
2025-05-13,Indore,Night,Chat Frontline,A3003,Harpreet Deshpande,1,0,129.0,129.0,129.0,0.0
2025-05-13,Indore,Night,Email Frontline,A3016,Deepak Jadhav,1,0,9.0,9.0,9.0,0.0
2025-05-13,Indore,Night,Email Frontline,A3017,Shreya Bhatt,3,0,153.0,217.0,129.33333333333334,0.0
2025-05-20,Bengaluru,Day,Billing,A3034,Thomas Patel,7,3,35.0,362.2000000000003,143.28571428571428,0.42857142857142855
2025-05-20,Bengaluru,Day,Chat Frontline,A3004,Krishna Naidu,3,0,12.0,31.200000000000003,16.333333333333332,0.0
2025-05-20,Bengaluru,Day,Chat Frontline,A3006,Lakshmi Reddy,1,1,431.0,431.0,431.0,1.0
2025-05-20,Bengaluru,Day,Chat Frontline,A3015,Yash Agarwal,3,0,3.0,27.8,13.333333333333334,0.0
2025-05-20,Bengaluru,Day,Email Frontline,A3020,Ramesh Ghosh,1,0,374.0,374.0,374.0,0.0
2025-05-20,Bengaluru,Day,Email Frontline,A3021,Aditya Dhillon,2,1,298.0,386.0,298.0,0.5
2025-05-20,Bengaluru,Day,Email Frontline,A3022,Steven Tiwari,1,0,165.0,165.0,165.0,0.0
2025-05-20,Bengaluru,Day,Logistics,A3029,Rajat Iyer,3,0,2.0,47.6,20.333333333333332,0.0
2025-05-20,Bengaluru,Day,Logistics,A3030,Sunita Srivastava,2,0,287.0,360.6,287.0,0.0
2025-05-20,Bengaluru,Day,Returns Desk,A3036,Rohit Shinde,2,0,5.0,8.2,5.0,0.0
2025-05-20,Bengaluru,Day,Returns Desk,A3038,Amit Yadav,1,1,604.0,604.0,604.0,1.0
2025-05-20,Bengaluru,Day,Voice Frontline,A3023,Rahul Khanna,1,0,19.0,19.0,19.0,0.0
2025-05-20,Bengaluru,Day,Voice Frontline,A3026,Lakshmi Qureshi,2,0,64.5,76.1,64.5,0.0
2025-05-20,Bengaluru,Morning,Billing,A3033,Amit Kulkarni,1,0,49.0,49.0,49.0,0.0
2025-05-20,Bengaluru,Morning,Billing,A3035,Rohit Mukherjee,3,0,6.0,63.6,29.333333333333332,0.0
2025-05-20,Bengaluru,Morning,Chat Frontline,A3005,Sameer Joshi,2,1,10.5,17.3,10.5,0.5
2025-05-20,Bengaluru,Morning,Chat Frontline,A3007,Neha Gaikwad,4,0,3.5,4.7,3.25,0.0
2025-05-20,Bengaluru,Morning,Chat Frontline,A3009,Ramesh Patel,1,0,42.0,42.0,42.0,0.0
2025-05-20,Bengaluru,Morning,Chat Frontline,A3014,Diya Patil,1,0,79.0,79.0,79.0,0.0
2025-05-20,Bengaluru,Morning,Email Frontline,A3018,Farah Sheikh,1,0,265.0,265.0,265.0,0.0
2025-05-20,Bengaluru,Morning,Email Frontline,A3019,Sai Sandhu,4,1,93.5,434.5000000000001,201.5,0.25
2025-05-20,Bengaluru,Morning,Escalations & Warranty,A3043,Rohit Jain,1,0,281.0,281.0,281.0,0.0
2025-05-20,Bengaluru,Morning,Logistics,A3031,Om Malhotra,1,0,3.0,3.0,3.0,0.0
2025-05-20,Bengaluru,Morning,Returns Desk,A3037,Rahul Sen,8,0,28.0,146.09999999999997,62.25,0.0
2025-05-20,Bengaluru,Morning,Voice Frontline,A3025,Lobsang Rao,2,0,21.5,25.9,21.5,0.0
2025-05-20,Indore,Day,Escalations & Warranty,A3041,Riya Fernandes,1,0,320.0,320.0,320.0,0.0
2025-05-20,Indore,Day,Logistics,A3027,Dev Chatterjee,5,1,30.0,238.8,99.2,0.2
2025-05-20,Indore,Morning,Billing,A3032,Aadhya Sheikh,2,0,12.5,13.7,12.5,0.0
2025-05-20,Indore,Morning,Chat Frontline,A3008,Steven Kaur,1,0,2.0,2.0,2.0,0.0
2025-05-20,Indore,Morning,Chat Frontline,A3010,Neha Chatterjee,3,0,4.0,42.400000000000006,18.666666666666668,0.0
2025-05-20,Indore,Morning,Chat Frontline,A3011,Karan Roy,1,0,80.0,80.0,80.0,0.0
2025-05-20,Indore,Morning,Chat Frontline,A3013,Ritika Chatterjee,1,0,4.0,4.0,4.0,0.0
2025-05-20,Indore,Morning,Logistics,A3028,Krishna Kaur,1,0,70.0,70.0,70.0,0.0
2025-05-20,Indore,Night,Chat Frontline,A3001,Zoya Mehta,2,0,5.0,7.4,5.0,0.0
2025-05-20,Indore,Night,Chat Frontline,A3002,Tarun Mishra,3,0,3.0,72.60000000000001,31.333333333333332,0.0
2025-05-20,Indore,Night,Chat Frontline,A3003,Harpreet Deshpande,2,0,43.5,78.3,43.5,0.0
2025-05-20,Indore,Night,Email Frontline,A3016,Deepak Jadhav,6,2,124.0,324.0,154.83333333333334,0.3333333333333333
2025-05-20,Indore,Night,Email Frontline,A3017,Shreya Bhatt,5,1,45.0,453.6,183.8,0.2
2025-05-27,Bengaluru,Day,Billing,A3034,Thomas Patel,3,0,13.0,16.2,11.666666666666666,0.0
2025-05-27,Bengaluru,Day,Chat Frontline,A3004,Krishna Naidu,2,0,24.0,38.4,24.0,0.0
2025-05-27,Bengaluru,Day,Chat Frontline,A3015,Yash Agarwal,2,0,3.0,3.0,3.0,0.0
2025-05-27,Bengaluru,Day,Email Frontline,A3020,Ramesh Ghosh,1,1,599.0,599.0,599.0,1.0
2025-05-27,Bengaluru,Day,Email Frontline,A3021,Aditya Dhillon,4,0,157.5,287.70000000000005,178.5,0.0
2025-05-27,Bengaluru,Day,Email Frontline,A3022,Steven Tiwari,1,0,407.0,407.0,407.0,0.0
2025-05-27,Bengaluru,Day,Escalations & Warranty,A3040,Thomas Arora,1,0,68.0,68.0,68.0,0.0
2025-05-27,Bengaluru,Day,Escalations & Warranty,A3044,Kunal Malhotra,1,0,38.0,38.0,38.0,0.0
2025-05-27,Bengaluru,Day,Logistics,A3029,Rajat Iyer,3,0,24.0,27.2,21.666666666666668,0.0
2025-05-27,Bengaluru,Day,Logistics,A3030,Sunita Srivastava,4,2,277.5,796.4000000000001,372.25,0.5
2025-05-27,Bengaluru,Day,Returns Desk,A3036,Rohit Shinde,2,0,10.0,15.6,10.0,0.0
2025-05-27,Bengaluru,Day,Returns Desk,A3038,Amit Yadav,4,0,66.5,274.00000000000006,118.75,0.0
2025-05-27,Bengaluru,Day,Voice Frontline,A3023,Rahul Khanna,2,1,87.5,124.7,87.5,0.5
2025-05-27,Bengaluru,Morning,Billing,A3033,Amit Kulkarni,4,1,172.5,608.7,268.75,0.25
2025-05-27,Bengaluru,Morning,Billing,A3035,Rohit Mukherjee,1,0,32.0,32.0,32.0,0.0
2025-05-27,Bengaluru,Morning,Chat Frontline,A3005,Sameer Joshi,1,0,2.0,2.0,2.0,0.0
2025-05-27,Bengaluru,Morning,Chat Frontline,A3009,Ramesh Patel,1,0,1.0,1.0,1.0,0.0
2025-05-27,Bengaluru,Morning,Chat Frontline,A3014,Diya Patil,4,1,5.5,13.700000000000003,7.25,0.25
2025-05-27,Bengaluru,Morning,Email Frontline,A3018,Farah Sheikh,3,0,136.0,212.8,131.0,0.0
2025-05-27,Bengaluru,Morning,Email Frontline,A3019,Sai Sandhu,6,1,236.0,487.5,265.0,0.16666666666666666
2025-05-27,Bengaluru,Morning,Escalations & Warranty,A3039,Riya Gaikwad,1,0,194.0,194.0,194.0,0.0
2025-05-27,Bengaluru,Morning,Escalations & Warranty,A3043,Rohit Jain,1,0,52.0,52.0,52.0,0.0
2025-05-27,Bengaluru,Morning,Logistics,A3031,Om Malhotra,8,0,3.0,94.29999999999997,34.875,0.0
2025-05-27,Bengaluru,Morning,Returns Desk,A3037,Rahul Sen,4,2,149.5,491.30000000000007,221.0,0.5
2025-05-27,Bengaluru,Morning,Voice Frontline,A3025,Lobsang Rao,4,0,48.0,65.9,46.75,0.0
2025-05-27,Indore,Day,Logistics,A3027,Dev Chatterjee,4,0,142.0,344.50000000000006,184.25,0.0
2025-05-27,Indore,Morning,Billing,A3032,Aadhya Sheikh,1,0,7.0,7.0,7.0,0.0
2025-05-27,Indore,Morning,Chat Frontline,A3010,Neha Chatterjee,1,0,10.0,10.0,10.0,0.0
2025-05-27,Indore,Morning,Chat Frontline,A3011,Karan Roy,1,0,1.0,1.0,1.0,0.0
2025-05-27,Indore,Morning,Logistics,A3028,Krishna Kaur,6,1,22.5,139.5,55.0,0.16666666666666666
2025-05-27,Indore,Night,Chat Frontline,A3001,Zoya Mehta,2,0,1.5,1.9,1.5,0.0
2025-05-27,Indore,Night,Chat Frontline,A3002,Tarun Mishra,1,0,10.0,10.0,10.0,0.0
2025-05-27,Indore,Night,Chat Frontline,A3003,Harpreet Deshpande,4,1,191.0,250.20000000000002,181.5,0.25
2025-05-27,Indore,Night,Email Frontline,A3016,Deepak Jadhav,1,0,53.0,53.0,53.0,0.0
2025-05-27,Indore,Night,Email Frontline,A3017,Shreya Bhatt,2,0,88.5,159.3,88.5,0.0
2025-06-03,Bengaluru,Day,Billing,A3034,Thomas Patel,5,1,23.0,115.0,50.4,0.2
2025-06-03,Bengaluru,Day,Chat Frontline,A3004,Krishna Naidu,1,0,5.0,5.0,5.0,0.0
2025-06-03,Bengaluru,Day,Chat Frontline,A3006,Lakshmi Reddy,1,0,4.0,4.0,4.0,0.0
2025-06-03,Bengaluru,Day,Chat Frontline,A3012,Lakshmi Sethi,2,0,53.0,86.6,53.0,0.0
2025-06-03,Bengaluru,Day,Chat Frontline,A3015,Yash Agarwal,1,0,5.0,5.0,5.0,0.0
2025-06-03,Bengaluru,Day,Email Frontline,A3020,Ramesh Ghosh,2,0,99.0,119.0,99.0,0.0
2025-06-03,Bengaluru,Day,Email Frontline,A3021,Aditya Dhillon,2,0,52.0,68.8,52.0,0.0
2025-06-03,Bengaluru,Day,Email Frontline,A3022,Steven Tiwari,1,0,36.0,36.0,36.0,0.0
2025-06-03,Bengaluru,Day,Escalations & Warranty,A3040,Thomas Arora,1,0,2.0,2.0,2.0,0.0
2025-06-03,Bengaluru,Day,Logistics,A3030,Sunita Srivastava,2,0,43.5,77.5,43.5,0.0
2025-06-03,Bengaluru,Day,Returns Desk,A3036,Rohit Shinde,3,0,8.0,38.400000000000006,19.333333333333332,0.0
2025-06-03,Bengaluru,Day,Voice Frontline,A3023,Rahul Khanna,4,0,14.5,43.30000000000001,24.0,0.0
2025-06-03,Bengaluru,Day,Voice Frontline,A3026,Lakshmi Qureshi,1,0,20.0,20.0,20.0,0.0
2025-06-03,Bengaluru,Morning,Billing,A3033,Amit Kulkarni,1,0,62.0,62.0,62.0,0.0
2025-06-03,Bengaluru,Morning,Billing,A3035,Rohit Mukherjee,3,0,4.0,9.6,5.333333333333333,0.0
2025-06-03,Bengaluru,Morning,Chat Frontline,A3005,Sameer Joshi,2,0,3.0,3.0,3.0,0.0
2025-06-03,Bengaluru,Morning,Chat Frontline,A3007,Neha Gaikwad,1,0,57.0,57.0,57.0,0.0
2025-06-03,Bengaluru,Morning,Chat Frontline,A3009,Ramesh Patel,1,0,4.0,4.0,4.0,0.0
2025-06-03,Bengaluru,Morning,Chat Frontline,A3014,Diya Patil,1,0,3.0,3.0,3.0,0.0
2025-06-03,Bengaluru,Morning,Email Frontline,A3018,Farah Sheikh,1,0,424.0,424.0,424.0,0.0
2025-06-03,Bengaluru,Morning,Email Frontline,A3019,Sai Sandhu,4,0,83.5,142.70000000000002,97.25,0.0
2025-06-03,Bengaluru,Morning,Escalations & Warranty,A3039,Riya Gaikwad,1,0,3.0,3.0,3.0,0.0
2025-06-03,Bengaluru,Morning,Escalations & Warranty,A3043,Rohit Jain,3,1,337.0,539.4,313.3333333333333,0.3333333333333333
2025-06-03,Bengaluru,Morning,Logistics,A3031,Om Malhotra,6,0,14.0,102.5,40.0,0.0
2025-06-03,Bengaluru,Morning,Returns Desk,A3037,Rahul Sen,6,1,52.0,164.5,72.83333333333333,0.16666666666666666
2025-06-03,Indore,Day,Escalations & Warranty,A3041,Riya Fernandes,1,0,4.0,4.0,4.0,0.0
2025-06-03,Indore,Morning,Billing,A3032,Aadhya Sheikh,1,0,307.0,307.0,307.0,0.0
2025-06-03,Indore,Morning,Chat Frontline,A3008,Steven Kaur,2,0,12.0,12.0,12.0,0.0
2025-06-03,Indore,Morning,Chat Frontline,A3011,Karan Roy,1,0,1.0,1.0,1.0,0.0
2025-06-03,Indore,Morning,Chat Frontline,A3013,Ritika Chatterjee,2,0,3.0,3.0,3.0,0.0
2025-06-03,Indore,Morning,Logistics,A3028,Krishna Kaur,5,0,19.0,94.2,41.2,0.0
2025-06-03,Indore,Night,Chat Frontline,A3001,Zoya Mehta,3,0,192.0,382.40000000000003,211.66666666666666,0.0
2025-06-03,Indore,Night,Chat Frontline,A3002,Tarun Mishra,2,0,129.5,219.5,129.5,0.0
2025-06-03,Indore,Night,Chat Frontline,A3003,Harpreet Deshpande,4,0,61.5,164.9,79.25,0.0
2025-06-03,Indore,Night,Email Frontline,A3016,Deepak Jadhav,3,0,89.0,177.8,116.33333333333333,0.0
2025-06-03,Indore,Night,Email Frontline,A3017,Shreya Bhatt,3,0,3.0,249.4,105.66666666666667,0.0
2025-06-10,Bengaluru,Day,Billing,A3034,Thomas Patel,8,0,78.0,283.2,118.625,0.0
2025-06-10,Bengaluru,Day,Chat Frontline,A3004,Krishna Naidu,6,0,8.5,32.0,14.666666666666666,0.0
2025-06-10,Bengaluru,Day,Chat Frontline,A3006,Lakshmi Reddy,3,0,3.0,52.6,23.0,0.0
2025-06-10,Bengaluru,Day,Chat Frontline,A3012,Lakshmi Sethi,3,0,10.0,126.80000000000001,55.666666666666664,0.0
2025-06-10,Bengaluru,Day,Chat Frontline,A3015,Yash Agarwal,4,1,6.0,16.700000000000003,8.25,0.25
2025-06-10,Bengaluru,Day,Email Frontline,A3020,Ramesh Ghosh,2,0,85.5,152.3,85.5,0.0
2025-06-10,Bengaluru,Day,Email Frontline,A3021,Aditya Dhillon,4,0,146.5,160.0,136.0,0.0
2025-06-10,Bengaluru,Day,Email Frontline,A3022,Steven Tiwari,6,1,187.5,477.0,268.3333333333333,0.16666666666666666
2025-06-10,Bengaluru,Day,Escalations & Warranty,A3042,Steven Chopra,1,0,332.0,332.0,332.0,0.0
2025-06-10,Bengaluru,Day,Logistics,A3029,Rajat Iyer,3,0,57.0,142.6,74.0,0.0
2025-06-10,Bengaluru,Day,Logistics,A3030,Sunita Srivastava,1,0,275.0,275.0,275.0,0.0
2025-06-10,Bengaluru,Day,Returns Desk,A3036,Rohit Shinde,1,0,322.0,322.0,322.0,0.0
2025-06-10,Bengaluru,Day,Returns Desk,A3038,Amit Yadav,3,0,33.0,138.6,67.66666666666667,0.0
2025-06-10,Bengaluru,Day,Voice Frontline,A3023,Rahul Khanna,1,0,51.0,51.0,51.0,0.0
2025-06-10,Bengaluru,Day,Voice Frontline,A3026,Lakshmi Qureshi,2,0,36.0,36.8,36.0,0.0
2025-06-10,Bengaluru,Morning,Billing,A3035,Rohit Mukherjee,2,1,390.5,569.3,390.5,0.5
2025-06-10,Bengaluru,Morning,Chat Frontline,A3005,Sameer Joshi,2,1,22.5,30.9,22.5,0.5
2025-06-10,Bengaluru,Morning,Escalations & Warranty,A3043,Rohit Jain,2,0,24.0,38.4,24.0,0.0
2025-06-10,Bengaluru,Morning,Logistics,A3031,Om Malhotra,4,0,27.5,171.10000000000002,70.25,0.0
2025-06-10,Bengaluru,Morning,Returns Desk,A3037,Rahul Sen,7,0,4.0,86.40000000000003,29.714285714285715,0.0
2025-06-10,Bengaluru,Morning,Voice Frontline,A3024,Kunal Khanna,1,0,71.0,71.0,71.0,0.0
2025-06-10,Indore,Day,Logistics,A3027,Dev Chatterjee,1,0,3.0,3.0,3.0,0.0
2025-06-10,Indore,Morning,Billing,A3032,Aadhya Sheikh,3,0,214.0,222.0,148.0,0.0
2025-06-10,Indore,Morning,Chat Frontline,A3008,Steven Kaur,1,0,1.0,1.0,1.0,0.0
2025-06-10,Indore,Morning,Chat Frontline,A3010,Neha Chatterjee,1,0,2.0,2.0,2.0,0.0
2025-06-10,Indore,Morning,Chat Frontline,A3011,Karan Roy,1,1,29.0,29.0,29.0,1.0
2025-06-10,Indore,Morning,Chat Frontline,A3013,Ritika Chatterjee,1,0,3.0,3.0,3.0,0.0
2025-06-10,Indore,Morning,Logistics,A3028,Krishna Kaur,6,0,7.0,128.0,45.833333333333336,0.0
2025-06-10,Indore,Night,Chat Frontline,A3002,Tarun Mishra,3,0,87.0,135.0,79.0,0.0
2025-06-10,Indore,Night,Chat Frontline,A3003,Harpreet Deshpande,4,0,3.5,5.4,3.5,0.0
2025-06-10,Indore,Night,Email Frontline,A3016,Deepak Jadhav,1,0,3.0,3.0,3.0,0.0
2025-06-10,Indore,Night,Email Frontline,A3017,Shreya Bhatt,1,0,1.0,1.0,1.0,0.0
2025-06-17,Bengaluru,Day,Billing,A3034,Thomas Patel,5,0,139.0,215.0,131.8,0.0
2025-06-17,Bengaluru,Day,Chat Frontline,A3004,Krishna Naidu,2,0,2.5,2.9,2.5,0.0
2025-06-17,Bengaluru,Day,Chat Frontline,A3006,Lakshmi Reddy,2,0,5.0,5.0,5.0,0.0
2025-06-17,Bengaluru,Day,Chat Frontline,A3012,Lakshmi Sethi,2,0,40.5,40.9,40.5,0.0
2025-06-17,Bengaluru,Day,Chat Frontline,A3015,Yash Agarwal,3,1,13.0,49.800000000000004,25.0,0.3333333333333333
2025-06-17,Bengaluru,Day,Email Frontline,A3020,Ramesh Ghosh,2,0,170.5,244.5,170.5,0.0
2025-06-17,Bengaluru,Day,Email Frontline,A3021,Aditya Dhillon,4,0,199.0,388.40000000000003,221.25,0.0
2025-06-17,Bengaluru,Day,Email Frontline,A3022,Steven Tiwari,6,1,200.5,461.5,237.66666666666666,0.16666666666666666
2025-06-17,Bengaluru,Day,Escalations & Warranty,A3040,Thomas Arora,1,0,8.0,8.0,8.0,0.0
2025-06-17,Bengaluru,Day,Logistics,A3029,Rajat Iyer,3,1,157.0,478.6,268.0,0.3333333333333333
2025-06-17,Bengaluru,Day,Logistics,A3030,Sunita Srivastava,2,0,50.0,83.6,50.0,0.0
2025-06-17,Bengaluru,Day,Returns Desk,A3036,Rohit Shinde,3,0,13.0,199.4,86.66666666666667,0.0
2025-06-17,Bengaluru,Day,Voice Frontline,A3023,Rahul Khanna,1,0,84.0,84.0,84.0,0.0
2025-06-17,Bengaluru,Day,Voice Frontline,A3026,Lakshmi Qureshi,1,0,12.0,12.0,12.0,0.0
2025-06-17,Bengaluru,Morning,Billing,A3033,Amit Kulkarni,4,1,22.0,636.0000000000001,234.5,0.25
2025-06-17,Bengaluru,Morning,Billing,A3035,Rohit Mukherjee,4,0,74.0,136.4,73.75,0.0
2025-06-17,Bengaluru,Morning,Chat Frontline,A3005,Sameer Joshi,3,0,3.0,5.4,3.6666666666666665,0.0
2025-06-17,Bengaluru,Morning,Chat Frontline,A3009,Ramesh Patel,2,0,72.0,129.6,72.0,0.0
2025-06-17,Bengaluru,Morning,Chat Frontline,A3014,Diya Patil,2,0,7.0,7.8,7.0,0.0
2025-06-17,Bengaluru,Morning,Email Frontline,A3018,Farah Sheikh,2,0,264.0,292.0,264.0,0.0
2025-06-17,Bengaluru,Morning,Email Frontline,A3019,Sai Sandhu,2,0,50.5,70.1,50.5,0.0
2025-06-17,Bengaluru,Morning,Escalations & Warranty,A3039,Riya Gaikwad,2,0,14.0,22.8,14.0,0.0
2025-06-17,Bengaluru,Morning,Escalations & Warranty,A3043,Rohit Jain,3,0,23.0,39.8,22.666666666666668,0.0
2025-06-17,Bengaluru,Morning,Logistics,A3031,Om Malhotra,5,0,29.0,298.6,131.0,0.0
2025-06-17,Bengaluru,Morning,Returns Desk,A3037,Rahul Sen,9,0,66.0,206.4,78.33333333333333,0.0
2025-06-17,Bengaluru,Morning,Voice Frontline,A3024,Kunal Khanna,5,0,25.0,41.2,28.4,0.0
2025-06-17,Indore,Day,Escalations & Warranty,A3041,Riya Fernandes,1,0,1.0,1.0,1.0,0.0
2025-06-17,Indore,Day,Logistics,A3027,Dev Chatterjee,3,0,91.0,109.4,69.33333333333333,0.0
2025-06-17,Indore,Morning,Billing,A3032,Aadhya Sheikh,1,0,91.0,91.0,91.0,0.0
2025-06-17,Indore,Morning,Chat Frontline,A3008,Steven Kaur,1,0,11.0,11.0,11.0,0.0
2025-06-17,Indore,Morning,Chat Frontline,A3010,Neha Chatterjee,1,0,158.0,158.0,158.0,0.0
2025-06-17,Indore,Morning,Chat Frontline,A3013,Ritika Chatterjee,2,0,5.0,7.4,5.0,0.0
2025-06-17,Indore,Morning,Logistics,A3028,Krishna Kaur,4,0,119.5,162.6,104.0,0.0
2025-06-17,Indore,Night,Chat Frontline,A3001,Zoya Mehta,6,2,62.5,427.5,165.0,0.3333333333333333
2025-06-17,Indore,Night,Chat Frontline,A3002,Tarun Mishra,1,0,272.0,272.0,272.0,0.0
2025-06-17,Indore,Night,Chat Frontline,A3003,Harpreet Deshpande,5,1,7.0,389.20000000000005,140.4,0.2
2025-06-17,Indore,Night,Email Frontline,A3016,Deepak Jadhav,5,1,41.0,169.8,71.8,0.2
2025-06-17,Indore,Night,Email Frontline,A3017,Shreya Bhatt,1,0,84.0,84.0,84.0,0.0
2025-06-24,Bengaluru,Day,Billing,A3034,Thomas Patel,8,1,86.5,235.19999999999996,115.875,0.125
2025-06-24,Bengaluru,Day,Chat Frontline,A3004,Krishna Naidu,3,1,5.0,16.2,9.0,0.3333333333333333
2025-06-24,Bengaluru,Day,Chat Frontline,A3006,Lakshmi Reddy,2,0,6.5,7.7,6.5,0.0
2025-06-24,Bengaluru,Day,Chat Frontline,A3012,Lakshmi Sethi,2,0,4.0,4.8,4.0,0.0
2025-06-24,Bengaluru,Day,Chat Frontline,A3015,Yash Agarwal,1,0,6.0,6.0,6.0,0.0
2025-06-24,Bengaluru,Day,Email Frontline,A3020,Ramesh Ghosh,1,0,54.0,54.0,54.0,0.0
2025-06-24,Bengaluru,Day,Email Frontline,A3021,Aditya Dhillon,1,0,96.0,96.0,96.0,0.0
2025-06-24,Bengaluru,Day,Email Frontline,A3022,Steven Tiwari,1,0,179.0,179.0,179.0,0.0
2025-06-24,Bengaluru,Day,Escalations & Warranty,A3040,Thomas Arora,1,0,43.0,43.0,43.0,0.0
2025-06-24,Bengaluru,Day,Escalations & Warranty,A3044,Kunal Malhotra,1,0,12.0,12.0,12.0,0.0
2025-06-24,Bengaluru,Day,Logistics,A3029,Rajat Iyer,5,1,2.0,76.4,27.8,0.2
2025-06-24,Bengaluru,Day,Logistics,A3030,Sunita Srivastava,2,0,10.0,12.4,10.0,0.0
2025-06-24,Bengaluru,Day,Returns Desk,A3036,Rohit Shinde,5,0,20.0,90.8,40.0,0.0
2025-06-24,Bengaluru,Day,Returns Desk,A3038,Amit Yadav,2,1,205.0,351.4,205.0,0.5
2025-06-24,Bengaluru,Day,Voice Frontline,A3023,Rahul Khanna,3,0,71.0,83.0,66.0,0.0
2025-06-24,Bengaluru,Day,Voice Frontline,A3026,Lakshmi Qureshi,2,0,47.0,54.2,47.0,0.0
2025-06-24,Bengaluru,Morning,Billing,A3033,Amit Kulkarni,4,1,134.5,246.3,130.5,0.25
2025-06-24,Bengaluru,Morning,Billing,A3035,Rohit Mukherjee,3,0,18.0,270.0,118.66666666666667,0.0
2025-06-24,Bengaluru,Morning,Chat Frontline,A3005,Sameer Joshi,4,1,5.0,379.0000000000001,137.5,0.25
2025-06-24,Bengaluru,Morning,Chat Frontline,A3007,Neha Gaikwad,1,0,2.0,2.0,2.0,0.0
2025-06-24,Bengaluru,Morning,Chat Frontline,A3009,Ramesh Patel,1,0,8.0,8.0,8.0,0.0
2025-06-24,Bengaluru,Morning,Chat Frontline,A3014,Diya Patil,1,1,444.0,444.0,444.0,1.0
2025-06-24,Bengaluru,Morning,Email Frontline,A3018,Farah Sheikh,3,0,62.0,82.8,52.333333333333336,0.0
2025-06-24,Bengaluru,Morning,Email Frontline,A3019,Sai Sandhu,2,1,310.5,538.9,310.5,0.5
2025-06-24,Bengaluru,Morning,Escalations & Warranty,A3039,Riya Gaikwad,4,3,124.5,444.4000000000001,202.5,0.75
2025-06-24,Bengaluru,Morning,Escalations & Warranty,A3043,Rohit Jain,2,0,105.5,182.7,105.5,0.0
2025-06-24,Bengaluru,Morning,Logistics,A3031,Om Malhotra,6,0,47.0,216.5,88.66666666666667,0.0
2025-06-24,Bengaluru,Morning,Returns Desk,A3037,Rahul Sen,3,0,62.0,284.40000000000003,135.0,0.0
2025-06-24,Bengaluru,Morning,Voice Frontline,A3025,Lobsang Rao,2,0,35.5,53.5,35.5,0.0
2025-06-24,Indore,Day,Chat Frontline,A3002,Tarun Mishra,1,0,69.0,69.0,69.0,0.0
2025-06-24,Indore,Morning,Billing,A3032,Aadhya Sheikh,3,0,6.0,9.2,6.0,0.0
2025-06-24,Indore,Morning,Chat Frontline,A3008,Steven Kaur,1,0,4.0,4.0,4.0,0.0
2025-06-24,Indore,Morning,Chat Frontline,A3010,Neha Chatterjee,1,0,122.0,122.0,122.0,0.0
2025-06-24,Indore,Morning,Chat Frontline,A3011,Karan Roy,2,0,2.5,3.7,2.5,0.0
2025-06-24,Indore,Morning,Chat Frontline,A3013,Ritika Chatterjee,2,1,203.5,360.7,203.5,0.5
2025-06-24,Indore,Morning,Logistics,A3028,Krishna Kaur,4,3,66.0,323.4000000000001,142.0,0.75
2025-06-24,Indore,Night,Chat Frontline,A3001,Zoya Mehta,1,0,1.0,1.0,1.0,0.0
2025-06-24,Indore,Night,Chat Frontline,A3002,Tarun Mishra,1,0,358.0,358.0,358.0,0.0
2025-06-24,Indore,Night,Chat Frontline,A3003,Harpreet Deshpande,1,0,13.0,13.0,13.0,0.0
2025-06-24,Indore,Night,Email Frontline,A3016,Deepak Jadhav,3,0,49.0,177.0,86.66666666666667,0.0
2025-06-24,Indore,Night,Email Frontline,A3017,Shreya Bhatt,1,0,108.0,108.0,108.0,0.0
2025-06-24,unknown,unknown,unknown,A3003,Harpreet Deshpande,1,0,99.0,99.0,99.0,0.0
2025-07-01,Bengaluru,Day,Billing,A3034,Thomas Patel,9,0,5.0,31.40000000000002,16.666666666666668,0.0
2025-07-01,Bengaluru,Day,Chat Frontline,A3004,Krishna Naidu,4,1,12.5,26.200000000000003,13.5,0.25
2025-07-01,Bengaluru,Day,Chat Frontline,A3006,Lakshmi Reddy,2,0,29.5,51.5,29.5,0.0
2025-07-01,Bengaluru,Day,Chat Frontline,A3015,Yash Agarwal,2,0,3.0,3.0,3.0,0.0
2025-07-01,Bengaluru,Day,Email Frontline,A3020,Ramesh Ghosh,3,0,247.0,278.2,212.66666666666666,0.0
2025-07-01,Bengaluru,Day,Email Frontline,A3021,Aditya Dhillon,2,0,168.0,216.8,168.0,0.0
2025-07-01,Bengaluru,Day,Email Frontline,A3022,Steven Tiwari,2,0,94.5,98.9,94.5,0.0
2025-07-01,Bengaluru,Day,Escalations & Warranty,A3044,Kunal Malhotra,3,0,6.0,46.0,21.0,0.0
2025-07-01,Bengaluru,Day,Logistics,A3029,Rajat Iyer,1,0,14.0,14.0,14.0,0.0
2025-07-01,Bengaluru,Day,Returns Desk,A3036,Rohit Shinde,4,0,58.0,164.8,78.0,0.0
2025-07-01,Bengaluru,Day,Returns Desk,A3038,Amit Yadav,1,0,44.0,44.0,44.0,0.0
2025-07-01,Bengaluru,Day,Voice Frontline,A3023,Rahul Khanna,2,0,33.0,38.6,33.0,0.0
2025-07-01,Bengaluru,Morning,Billing,A3033,Amit Kulkarni,2,1,259.5,462.3,259.5,0.5
2025-07-01,Bengaluru,Morning,Billing,A3035,Rohit Mukherjee,4,4,497.0,604.8000000000001,505.75,1.0
2025-07-01,Bengaluru,Morning,Chat Frontline,A3005,Sameer Joshi,2,2,499.0,527.0,499.0,1.0
2025-07-01,Bengaluru,Morning,Chat Frontline,A3014,Diya Patil,1,0,1.0,1.0,1.0,0.0
2025-07-01,Bengaluru,Morning,Email Frontline,A3018,Farah Sheikh,3,1,172.0,452.8,272.0,0.3333333333333333
2025-07-01,Bengaluru,Morning,Email Frontline,A3019,Sai Sandhu,3,1,102.0,534.8000000000001,274.6666666666667,0.3333333333333333
2025-07-01,Bengaluru,Morning,Escalations & Warranty,A3039,Riya Gaikwad,2,1,63.0,113.4,63.0,0.5
2025-07-01,Bengaluru,Morning,Escalations & Warranty,A3043,Rohit Jain,1,0,179.0,179.0,179.0,0.0
2025-07-01,Bengaluru,Morning,Logistics,A3031,Om Malhotra,4,2,223.0,488.50000000000006,280.75,0.5
2025-07-01,Bengaluru,Morning,Returns Desk,A3037,Rahul Sen,4,1,79.5,364.20000000000005,156.25,0.25
2025-07-01,Bengaluru,Morning,Voice Frontline,A3024,Kunal Khanna,4,0,34.0,79.20000000000002,44.5,0.0
2025-07-01,Bengaluru,Morning,Voice Frontline,A3025,Lobsang Rao,1,0,5.0,5.0,5.0,0.0
2025-07-01,Indore,Day,Chat Frontline,A3002,Tarun Mishra,2,0,27.0,42.2,27.0,0.0
2025-07-01,Indore,Day,Chat Frontline,A3003,Harpreet Deshpande,1,1,406.0,406.0,406.0,1.0
2025-07-01,Indore,Day,Escalations & Warranty,A3041,Riya Fernandes,1,0,88.0,88.0,88.0,0.0
2025-07-01,Indore,Day,Logistics,A3027,Dev Chatterjee,1,0,3.0,3.0,3.0,0.0
2025-07-01,Indore,Morning,Billing,A3032,Aadhya Sheikh,2,1,359.0,588.6,359.0,0.5
2025-07-01,Indore,Morning,Chat Frontline,A3008,Steven Kaur,2,1,195.5,347.9,195.5,0.5
2025-07-01,Indore,Morning,Chat Frontline,A3010,Neha Chatterjee,2,1,215.5,384.7,215.5,0.5
2025-07-01,Indore,Morning,Chat Frontline,A3011,Karan Roy,2,2,84.5,132.9,84.5,1.0
2025-07-01,Indore,Morning,Chat Frontline,A3013,Ritika Chatterjee,3,2,458.0,514.0,329.0,0.6666666666666666
2025-07-01,Indore,Morning,Logistics,A3028,Krishna Kaur,9,5,276.0,536.6,268.22222222222223,0.5555555555555556
2025-07-08,Bengaluru,Day,Billing,A3034,Thomas Patel,5,0,40.0,219.60000000000002,91.0,0.0
2025-07-08,Bengaluru,Day,Chat Frontline,A3004,Krishna Naidu,1,0,1.0,1.0,1.0,0.0
2025-07-08,Bengaluru,Day,Chat Frontline,A3006,Lakshmi Reddy,3,0,2.0,146.8,62.0,0.0
2025-07-08,Bengaluru,Day,Chat Frontline,A3012,Lakshmi Sethi,5,0,4.0,13.4,6.6,0.0
2025-07-08,Bengaluru,Day,Email Frontline,A3020,Ramesh Ghosh,4,0,143.5,233.20000000000002,167.5,0.0
2025-07-08,Bengaluru,Day,Email Frontline,A3021,Aditya Dhillon,4,0,162.5,323.90000000000003,171.25,0.0
2025-07-08,Bengaluru,Day,Email Frontline,A3022,Steven Tiwari,1,0,101.0,101.0,101.0,0.0
2025-07-08,Bengaluru,Day,Escalations & Warranty,A3040,Thomas Arora,1,0,30.0,30.0,30.0,0.0
2025-07-08,Bengaluru,Day,Escalations & Warranty,A3042,Steven Chopra,1,0,8.0,8.0,8.0,0.0
2025-07-08,Bengaluru,Day,Logistics,A3029,Rajat Iyer,1,0,4.0,4.0,4.0,0.0
2025-07-08,Bengaluru,Day,Logistics,A3030,Sunita Srivastava,2,0,40.0,70.4,40.0,0.0
2025-07-08,Bengaluru,Day,Returns Desk,A3036,Rohit Shinde,4,0,20.5,141.50000000000003,58.0,0.0
2025-07-08,Bengaluru,Day,Returns Desk,A3038,Amit Yadav,3,0,3.0,167.0,71.33333333333333,0.0
2025-07-08,Bengaluru,Day,Voice Frontline,A3023,Rahul Khanna,1,0,43.0,43.0,43.0,0.0
2025-07-08,Bengaluru,Day,Voice Frontline,A3026,Lakshmi Qureshi,2,0,67.0,105.4,67.0,0.0
2025-07-08,Bengaluru,Morning,Billing,A3033,Amit Kulkarni,5,1,72.0,287.6,135.8,0.2
2025-07-08,Bengaluru,Morning,Billing,A3035,Rohit Mukherjee,4,3,474.0,576.6,388.5,0.75
2025-07-08,Bengaluru,Morning,Chat Frontline,A3005,Sameer Joshi,2,1,222.0,398.0,222.0,0.5
2025-07-08,Bengaluru,Morning,Chat Frontline,A3007,Neha Gaikwad,1,0,35.0,35.0,35.0,0.0
2025-07-08,Bengaluru,Morning,Chat Frontline,A3014,Diya Patil,3,2,455.0,502.2,333.3333333333333,0.6666666666666666
2025-07-08,Bengaluru,Morning,Email Frontline,A3018,Farah Sheikh,1,0,67.0,67.0,67.0,0.0
2025-07-08,Bengaluru,Morning,Email Frontline,A3019,Sai Sandhu,9,3,369.0,565.6,363.1111111111111,0.3333333333333333
2025-07-08,Bengaluru,Morning,Escalations & Warranty,A3039,Riya Gaikwad,3,2,449.0,480.2,368.6666666666667,0.6666666666666666
2025-07-08,Bengaluru,Morning,Escalations & Warranty,A3043,Rohit Jain,3,1,5.0,475.40000000000003,200.0,0.3333333333333333
2025-07-08,Bengaluru,Morning,Logistics,A3031,Om Malhotra,3,0,398.0,453.2,400.6666666666667,0.0
2025-07-08,Bengaluru,Morning,Returns Desk,A3037,Rahul Sen,5,1,71.0,394.20000000000005,164.8,0.2
2025-07-08,Bengaluru,Morning,Voice Frontline,A3024,Kunal Khanna,2,1,131.0,208.6,131.0,0.5
2025-07-08,Bengaluru,Morning,Voice Frontline,A3025,Lobsang Rao,1,0,55.0,55.0,55.0,0.0
2025-07-08,Indore,Day,Chat Frontline,A3003,Harpreet Deshpande,1,1,595.0,595.0,595.0,1.0
2025-07-08,Indore,Day,Logistics,A3027,Dev Chatterjee,2,0,55.0,60.6,55.0,0.0
2025-07-08,Indore,Morning,Billing,A3032,Aadhya Sheikh,4,1,109.5,265.40000000000003,136.75,0.25
2025-07-08,Indore,Morning,Chat Frontline,A3008,Steven Kaur,2,1,244.0,431.2,244.0,0.5
2025-07-08,Indore,Morning,Chat Frontline,A3010,Neha Chatterjee,2,1,230.0,413.2,230.0,0.5
2025-07-08,Indore,Morning,Chat Frontline,A3011,Karan Roy,2,2,497.0,693.0,497.0,1.0
2025-07-08,Indore,Morning,Chat Frontline,A3013,Ritika Chatterjee,2,1,134.5,237.3,134.5,0.5
2025-07-08,Indore,Morning,Logistics,A3028,Krishna Kaur,3,2,129.0,405.0,203.66666666666666,0.6666666666666666
2025-07-15,Bengaluru,Day,Billing,A3034,Thomas Patel,5,0,9.0,196.20000000000005,70.2,0.0
2025-07-15,Bengaluru,Day,Chat Frontline,A3006,Lakshmi Reddy,2,0,8.5,10.5,8.5,0.0
2025-07-15,Bengaluru,Day,Chat Frontline,A3012,Lakshmi Sethi,2,0,54.0,90.0,54.0,0.0
2025-07-15,Bengaluru,Day,Chat Frontline,A3015,Yash Agarwal,1,0,4.0,4.0,4.0,0.0
2025-07-15,Bengaluru,Day,Email Frontline,A3021,Aditya Dhillon,5,0,149.0,297.0,168.8,0.0
2025-07-15,Bengaluru,Day,Email Frontline,A3022,Steven Tiwari,1,0,163.0,163.0,163.0,0.0
2025-07-15,Bengaluru,Day,Escalations & Warranty,A3040,Thomas Arora,2,0,11.0,11.0,11.0,0.0
2025-07-15,Bengaluru,Day,Escalations & Warranty,A3042,Steven Chopra,1,0,51.0,51.0,51.0,0.0
2025-07-15,Bengaluru,Day,Escalations & Warranty,A3044,Kunal Malhotra,1,0,83.0,83.0,83.0,0.0
2025-07-15,Bengaluru,Day,Logistics,A3029,Rajat Iyer,4,0,21.0,58.00000000000001,28.5,0.0
2025-07-15,Bengaluru,Day,Logistics,A3030,Sunita Srivastava,2,0,44.5,55.3,44.5,0.0
2025-07-15,Bengaluru,Day,Returns Desk,A3036,Rohit Shinde,4,0,5.5,51.40000000000001,20.5,0.0
2025-07-15,Bengaluru,Day,Returns Desk,A3038,Amit Yadav,3,0,12.0,13.6,11.0,0.0
2025-07-15,Bengaluru,Day,Voice Frontline,A3023,Rahul Khanna,3,0,37.0,53.8,38.666666666666664,0.0
2025-07-15,Bengaluru,Day,Voice Frontline,A3026,Lakshmi Qureshi,1,0,22.0,22.0,22.0,0.0
2025-07-15,Bengaluru,Morning,Billing,A3033,Amit Kulkarni,2,1,330.5,463.7,330.5,0.5
2025-07-15,Bengaluru,Morning,Billing,A3035,Rohit Mukherjee,6,1,17.0,398.0,139.5,0.16666666666666666
2025-07-15,Bengaluru,Morning,Chat Frontline,A3005,Sameer Joshi,1,0,9.0,9.0,9.0,0.0
2025-07-15,Bengaluru,Morning,Chat Frontline,A3007,Neha Gaikwad,4,1,26.0,379.70000000000005,143.25,0.25
2025-07-15,Bengaluru,Morning,Chat Frontline,A3009,Ramesh Patel,5,2,15.0,383.4,154.8,0.4
2025-07-15,Bengaluru,Morning,Chat Frontline,A3014,Diya Patil,1,0,3.0,3.0,3.0,0.0
2025-07-15,Bengaluru,Morning,Email Frontline,A3018,Farah Sheikh,5,1,245.0,517.2,320.2,0.2
2025-07-15,Bengaluru,Morning,Email Frontline,A3019,Sai Sandhu,4,3,551.5,633.8,471.25,0.75
2025-07-15,Bengaluru,Morning,Escalations & Warranty,A3039,Riya Gaikwad,3,0,50.0,94.0,58.333333333333336,0.0
2025-07-15,Bengaluru,Morning,Escalations & Warranty,A3043,Rohit Jain,1,0,15.0,15.0,15.0,0.0
2025-07-15,Bengaluru,Morning,Logistics,A3031,Om Malhotra,4,0,34.5,80.0,39.0,0.0
2025-07-15,Bengaluru,Morning,Returns Desk,A3037,Rahul Sen,6,1,39.0,520.0,187.33333333333334,0.16666666666666666
2025-07-15,Bengaluru,Morning,Voice Frontline,A3024,Kunal Khanna,1,0,102.0,102.0,102.0,0.0
2025-07-15,Indore,Day,Chat Frontline,A3002,Tarun Mishra,3,0,3.0,5.4,3.3333333333333335,0.0
2025-07-15,Indore,Day,Chat Frontline,A3003,Harpreet Deshpande,3,0,4.0,6.4,3.6666666666666665,0.0
2025-07-15,Indore,Day,Logistics,A3027,Dev Chatterjee,4,0,54.0,78.60000000000001,60.0,0.0
2025-07-15,Indore,Morning,Billing,A3032,Aadhya Sheikh,2,1,226.5,405.3,226.5,0.5
2025-07-15,Indore,Morning,Chat Frontline,A3010,Neha Chatterjee,2,1,19.5,22.3,19.5,0.5
2025-07-15,Indore,Morning,Chat Frontline,A3011,Karan Roy,4,3,428.0,513.4,343.25,0.75
2025-07-15,Indore,Morning,Chat Frontline,A3013,Ritika Chatterjee,2,1,211.5,376.7,211.5,0.5
2025-07-15,Indore,Morning,Logistics,A3028,Krishna Kaur,5,2,56.0,737.2,305.0,0.4
2025-07-22,Bengaluru,Day,Billing,A3034,Thomas Patel,9,2,27.0,183.40000000000003,72.22222222222223,0.2222222222222222
2025-07-22,Bengaluru,Day,Chat Frontline,A3004,Krishna Naidu,1,0,11.0,11.0,11.0,0.0
2025-07-22,Bengaluru,Day,Chat Frontline,A3006,Lakshmi Reddy,3,0,4.0,4.0,3.0,0.0
2025-07-22,Bengaluru,Day,Chat Frontline,A3012,Lakshmi Sethi,3,0,109.0,125.0,81.66666666666667,0.0
2025-07-22,Bengaluru,Day,Chat Frontline,A3015,Yash Agarwal,1,0,5.0,5.0,5.0,0.0
2025-07-22,Bengaluru,Day,Email Frontline,A3020,Ramesh Ghosh,3,0,145.0,150.6,140.66666666666666,0.0
2025-07-22,Bengaluru,Day,Email Frontline,A3021,Aditya Dhillon,5,0,70.0,190.4,106.6,0.0
2025-07-22,Bengaluru,Day,Email Frontline,A3022,Steven Tiwari,1,0,65.0,65.0,65.0,0.0
2025-07-22,Bengaluru,Day,Escalations & Warranty,A3044,Kunal Malhotra,2,0,173.0,241.8,173.0,0.0
2025-07-22,Bengaluru,Day,Logistics,A3029,Rajat Iyer,4,1,170.0,292.1,161.5,0.25
2025-07-22,Bengaluru,Day,Logistics,A3030,Sunita Srivastava,6,0,54.0,225.5,93.33333333333333,0.0
2025-07-22,Bengaluru,Day,Returns Desk,A3036,Rohit Shinde,4,1,2.0,375.10000000000014,135.0,0.25
2025-07-22,Bengaluru,Day,Returns Desk,A3038,Amit Yadav,1,1,490.0,490.0,490.0,1.0
2025-07-22,Bengaluru,Day,Voice Frontline,A3023,Rahul Khanna,5,0,49.0,79.0,52.6,0.0
2025-07-22,Bengaluru,Day,Voice Frontline,A3026,Lakshmi Qureshi,2,1,143.0,207.0,143.0,0.5
2025-07-22,Bengaluru,Morning,Billing,A3033,Amit Kulkarni,1,1,549.0,549.0,549.0,1.0
2025-07-22,Bengaluru,Morning,Billing,A3035,Rohit Mukherjee,2,1,169.0,210.6,169.0,0.5
2025-07-22,Bengaluru,Morning,Chat Frontline,A3005,Sameer Joshi,1,0,9.0,9.0,9.0,0.0
2025-07-22,Bengaluru,Morning,Chat Frontline,A3007,Neha Gaikwad,2,1,238.0,428.40000000000003,238.0,0.5
2025-07-22,Bengaluru,Morning,Chat Frontline,A3009,Ramesh Patel,1,0,5.0,5.0,5.0,0.0
2025-07-22,Bengaluru,Morning,Chat Frontline,A3014,Diya Patil,2,0,2.0,2.8,2.0,0.0
2025-07-22,Bengaluru,Morning,Email Frontline,A3018,Farah Sheikh,8,2,155.5,526.5,251.125,0.25
2025-07-22,Bengaluru,Morning,Email Frontline,A3019,Sai Sandhu,6,2,226.5,608.0,305.0,0.3333333333333333
2025-07-22,Bengaluru,Morning,Escalations & Warranty,A3039,Riya Gaikwad,3,2,465.0,477.8,340.0,0.6666666666666666
2025-07-22,Bengaluru,Morning,Escalations & Warranty,A3043,Rohit Jain,3,2,18.0,238.0,104.66666666666667,0.6666666666666666
2025-07-22,Bengaluru,Morning,Logistics,A3031,Om Malhotra,8,2,201.5,433.1,209.875,0.25
2025-07-22,Bengaluru,Morning,Returns Desk,A3037,Rahul Sen,5,3,471.0,1533.8000000000002,659.2,0.6
2025-07-22,Bengaluru,Morning,Voice Frontline,A3024,Kunal Khanna,5,0,53.0,92.2,61.6,0.0
2025-07-22,Bengaluru,Morning,Voice Frontline,A3025,Lobsang Rao,1,0,15.0,15.0,15.0,0.0
2025-07-22,Indore,Day,Chat Frontline,A3002,Tarun Mishra,2,0,128.0,178.4,128.0,0.0
2025-07-22,Indore,Day,Chat Frontline,A3003,Harpreet Deshpande,1,0,1.0,1.0,1.0,0.0
2025-07-22,Indore,Day,Escalations & Warranty,A3041,Riya Fernandes,1,0,42.0,42.0,42.0,0.0
2025-07-22,Indore,Day,Logistics,A3027,Dev Chatterjee,6,1,11.0,23.5,14.0,0.16666666666666666
2025-07-22,Indore,Morning,Billing,A3032,Aadhya Sheikh,4,2,47.5,408.70000000000005,163.25,0.5
2025-07-22,Indore,Morning,Chat Frontline,A3008,Steven Kaur,1,1,465.0,465.0,465.0,1.0
2025-07-22,Indore,Morning,Chat Frontline,A3010,Neha Chatterjee,1,1,58.0,58.0,58.0,1.0
2025-07-22,Indore,Morning,Chat Frontline,A3011,Karan Roy,3,1,53.0,157.8,84.0,0.3333333333333333
2025-07-22,Indore,Morning,Chat Frontline,A3013,Ritika Chatterjee,3,1,3.0,409.40000000000003,172.33333333333334,0.3333333333333333
2025-07-22,Indore,Morning,Logistics,A3028,Krishna Kaur,7,2,270.0,504.6,274.7142857142857,0.2857142857142857
2025-07-29,Bengaluru,Day,Billing,A3034,Thomas Patel,8,1,19.5,490.39999999999986,191.875,0.125
2025-07-29,Bengaluru,Day,Chat Frontline,A3004,Krishna Naidu,4,0,4.5,43.80000000000001,17.5,0.0
2025-07-29,Bengaluru,Day,Chat Frontline,A3012,Lakshmi Sethi,2,0,2.5,2.9,2.5,0.0
2025-07-29,Bengaluru,Day,Email Frontline,A3020,Ramesh Ghosh,1,0,108.0,108.0,108.0,0.0
2025-07-29,Bengaluru,Day,Email Frontline,A3021,Aditya Dhillon,2,0,120.0,160.0,120.0,0.0
2025-07-29,Bengaluru,Day,Escalations & Warranty,A3040,Thomas Arora,1,0,10.0,10.0,10.0,0.0
2025-07-29,Bengaluru,Day,Escalations & Warranty,A3042,Steven Chopra,1,0,373.0,373.0,373.0,0.0
2025-07-29,Bengaluru,Day,Escalations & Warranty,A3044,Kunal Malhotra,1,0,16.0,16.0,16.0,0.0
2025-07-29,Bengaluru,Day,Logistics,A3029,Rajat Iyer,7,3,19.0,396.40000000000003,122.28571428571429,0.42857142857142855
2025-07-29,Bengaluru,Day,Logistics,A3030,Sunita Srivastava,4,0,29.0,78.5,36.75,0.0
2025-07-29,Bengaluru,Day,Returns Desk,A3036,Rohit Shinde,6,0,74.5,143.0,76.83333333333333,0.0
2025-07-29,Bengaluru,Day,Returns Desk,A3038,Amit Yadav,5,0,9.0,229.60000000000002,91.6,0.0
2025-07-29,Bengaluru,Day,Voice Frontline,A3023,Rahul Khanna,2,0,31.5,36.7,31.5,0.0
2025-07-29,Bengaluru,Day,Voice Frontline,A3026,Lakshmi Qureshi,2,0,24.0,36.0,24.0,0.0
2025-07-29,Bengaluru,Morning,Billing,A3033,Amit Kulkarni,4,0,50.5,174.70000000000005,81.25,0.0
2025-07-29,Bengaluru,Morning,Billing,A3035,Rohit Mukherjee,3,0,188.0,344.0,217.0,0.0
2025-07-29,Bengaluru,Morning,Chat Frontline,A3005,Sameer Joshi,1,0,2.0,2.0,2.0,0.0
2025-07-29,Bengaluru,Morning,Chat Frontline,A3007,Neha Gaikwad,1,0,3.0,3.0,3.0,0.0
2025-07-29,Bengaluru,Morning,Chat Frontline,A3009,Ramesh Patel,2,1,243.0,433.40000000000003,243.0,0.5
2025-07-29,Bengaluru,Morning,Chat Frontline,A3014,Diya Patil,1,1,432.0,432.0,432.0,1.0
2025-07-29,Bengaluru,Morning,Email Frontline,A3018,Farah Sheikh,9,4,246.0,695.8000000000001,395.0,0.4444444444444444
2025-07-29,Bengaluru,Morning,Email Frontline,A3019,Sai Sandhu,8,6,610.5,977.6,647.875,0.75
2025-07-29,Bengaluru,Morning,Escalations & Warranty,A3039,Riya Gaikwad,1,1,334.0,334.0,334.0,1.0
2025-07-29,Bengaluru,Morning,Escalations & Warranty,A3043,Rohit Jain,2,0,75.5,112.7,75.5,0.0
2025-07-29,Bengaluru,Morning,Logistics,A3031,Om Malhotra,11,3,45.0,398.0,174.63636363636363,0.2727272727272727
2025-07-29,Bengaluru,Morning,Returns Desk,A3037,Rahul Sen,5,2,45.0,565.2,243.0,0.4
2025-07-29,Bengaluru,Morning,Voice Frontline,A3024,Kunal Khanna,1,0,26.0,26.0,26.0,0.0
2025-07-29,Bengaluru,Morning,Voice Frontline,A3025,Lobsang Rao,3,0,47.0,47.0,37.333333333333336,0.0
2025-07-29,Indore,Day,Chat Frontline,A3002,Tarun Mishra,3,0,3.0,5.4,4.0,0.0
2025-07-29,Indore,Day,Chat Frontline,A3003,Harpreet Deshpande,1,0,7.0,7.0,7.0,0.0
2025-07-29,Indore,Day,Escalations & Warranty,A3041,Riya Fernandes,1,1,575.0,575.0,575.0,1.0
2025-07-29,Indore,Day,Logistics,A3027,Dev Chatterjee,7,0,32.0,226.4000000000001,85.14285714285714,0.0
2025-07-29,Indore,Morning,Billing,A3032,Aadhya Sheikh,1,0,218.0,218.0,218.0,0.0
2025-07-29,Indore,Morning,Chat Frontline,A3008,Steven Kaur,4,1,38.0,365.00000000000006,142.75,0.25
2025-07-29,Indore,Morning,Chat Frontline,A3010,Neha Chatterjee,2,1,254.0,454.0,254.0,0.5
2025-07-29,Indore,Morning,Chat Frontline,A3011,Karan Roy,1,1,449.0,449.0,449.0,1.0
2025-07-29,Indore,Morning,Chat Frontline,A3013,Ritika Chatterjee,5,2,15.0,378.40000000000003,146.8,0.4
2025-07-29,Indore,Morning,Logistics,A3028,Krishna Kaur,8,4,107.5,615.1,244.75,0.5
2025-08-05,Bengaluru,Day,Billing,A3034,Thomas Patel,9,1,61.0,259.2,128.55555555555554,0.1111111111111111
2025-08-05,Bengaluru,Day,Chat Frontline,A3004,Krishna Naidu,2,0,3.0,3.0,3.0,0.0
2025-08-05,Bengaluru,Day,Chat Frontline,A3012,Lakshmi Sethi,2,0,4.0,7.2,4.0,0.0
2025-08-05,Bengaluru,Day,Chat Frontline,A3015,Yash Agarwal,2,0,69.5,120.3,69.5,0.0
2025-08-05,Bengaluru,Day,Email Frontline,A3020,Ramesh Ghosh,2,0,69.0,110.6,69.0,0.0
2025-08-05,Bengaluru,Day,Email Frontline,A3021,Aditya Dhillon,4,0,135.0,299.30000000000007,161.0,0.0
2025-08-05,Bengaluru,Day,Email Frontline,A3022,Steven Tiwari,1,0,366.0,366.0,366.0,0.0
2025-08-05,Bengaluru,Day,Escalations & Warranty,A3042,Steven Chopra,2,0,231.0,340.6,231.0,0.0
2025-08-05,Bengaluru,Day,Escalations & Warranty,A3044,Kunal Malhotra,1,0,5.0,5.0,5.0,0.0
2025-08-05,Bengaluru,Day,Logistics,A3029,Rajat Iyer,3,0,80.0,172.0,115.0,0.0
2025-08-05,Bengaluru,Day,Logistics,A3030,Sunita Srivastava,4,0,8.0,32.900000000000006,14.5,0.0
2025-08-05,Bengaluru,Day,Returns Desk,A3036,Rohit Shinde,1,0,165.0,165.0,165.0,0.0
2025-08-05,Bengaluru,Day,Returns Desk,A3038,Amit Yadav,3,0,16.0,40.0,23.333333333333332,0.0
2025-08-05,Bengaluru,Day,Voice Frontline,A3023,Rahul Khanna,2,0,40.0,45.6,40.0,0.0
2025-08-05,Bengaluru,Day,Voice Frontline,A3026,Lakshmi Qureshi,3,0,12.0,72.0,33.333333333333336,0.0
2025-08-05,Bengaluru,Morning,Billing,A3033,Amit Kulkarni,8,3,119.0,437.0,196.375,0.375
2025-08-05,Bengaluru,Morning,Billing,A3035,Rohit Mukherjee,4,1,59.5,189.40000000000003,89.75,0.25
2025-08-05,Bengaluru,Morning,Chat Frontline,A3005,Sameer Joshi,2,1,240.0,429.6,240.0,0.5
2025-08-05,Bengaluru,Morning,Chat Frontline,A3007,Neha Gaikwad,3,1,6.0,233.20000000000002,99.0,0.3333333333333333
2025-08-05,Bengaluru,Morning,Chat Frontline,A3009,Ramesh Patel,3,1,9.0,174.60000000000002,76.33333333333333,0.3333333333333333
2025-08-05,Bengaluru,Morning,Chat Frontline,A3014,Diya Patil,1,0,1.0,1.0,1.0,0.0
2025-08-05,Bengaluru,Morning,Email Frontline,A3018,Farah Sheikh,7,2,358.0,620.0000000000001,364.7142857142857,0.2857142857142857
2025-08-05,Bengaluru,Morning,Email Frontline,A3019,Sai Sandhu,12,5,389.5,670.6,537.4166666666666,0.4166666666666667
2025-08-05,Bengaluru,Morning,Escalations & Warranty,A3039,Riya Gaikwad,2,2,410.0,503.6,410.0,1.0
2025-08-05,Bengaluru,Morning,Escalations & Warranty,A3043,Rohit Jain,2,1,233.0,416.2,233.0,0.5
2025-08-05,Bengaluru,Morning,Logistics,A3031,Om Malhotra,8,5,185.5,734.2999999999998,334.0,0.625
2025-08-05,Bengaluru,Morning,Returns Desk,A3037,Rahul Sen,7,3,115.0,537.4000000000001,240.42857142857142,0.42857142857142855
2025-08-05,Bengaluru,Morning,Voice Frontline,A3024,Kunal Khanna,2,0,61.5,81.9,61.5,0.0
2025-08-05,Bengaluru,Morning,Voice Frontline,A3025,Lobsang Rao,2,0,57.0,68.2,57.0,0.0
2025-08-05,Indore,Day,Chat Frontline,A3002,Tarun Mishra,2,0,110.5,153.3,110.5,0.0
2025-08-05,Indore,Day,Chat Frontline,A3003,Harpreet Deshpande,1,0,1.0,1.0,1.0,0.0
2025-08-05,Indore,Day,Escalations & Warranty,A3041,Riya Fernandes,1,0,98.0,98.0,98.0,0.0
2025-08-05,Indore,Day,Logistics,A3027,Dev Chatterjee,7,1,117.0,211.8,102.42857142857143,0.14285714285714285
2025-08-05,Indore,Morning,Billing,A3032,Aadhya Sheikh,6,4,346.5,579.0,336.0,0.6666666666666666
2025-08-05,Indore,Morning,Chat Frontline,A3008,Steven Kaur,6,1,14.5,47.5,21.833333333333332,0.16666666666666666
2025-08-05,Indore,Morning,Chat Frontline,A3010,Neha Chatterjee,1,1,443.0,443.0,443.0,1.0
2025-08-05,Indore,Morning,Chat Frontline,A3011,Karan Roy,4,3,423.0,467.0,333.25,0.75
2025-08-05,Indore,Morning,Chat Frontline,A3013,Ritika Chatterjee,7,2,8.0,385.20000000000005,116.0,0.2857142857142857
2025-08-05,Indore,Morning,Logistics,A3028,Krishna Kaur,10,2,159.5,774.0,282.6,0.2
2025-08-12,Bengaluru,Day,Billing,A3034,Thomas Patel,10,0,14.0,87.39999999999995,41.2,0.0
2025-08-12,Bengaluru,Day,Chat Frontline,A3004,Krishna Naidu,3,0,1.0,4.2,2.3333333333333335,0.0
2025-08-12,Bengaluru,Day,Chat Frontline,A3006,Lakshmi Reddy,3,1,2.0,14.0,7.0,0.3333333333333333
2025-08-12,Bengaluru,Day,Chat Frontline,A3012,Lakshmi Sethi,3,0,10.0,48.400000000000006,23.333333333333332,0.0
2025-08-12,Bengaluru,Day,Chat Frontline,A3015,Yash Agarwal,3,0,10.0,33.2,16.666666666666668,0.0
2025-08-12,Bengaluru,Day,Email Frontline,A3020,Ramesh Ghosh,3,1,106.0,387.6,188.33333333333334,0.3333333333333333
2025-08-12,Bengaluru,Day,Email Frontline,A3021,Aditya Dhillon,1,0,84.0,84.0,84.0,0.0
2025-08-12,Bengaluru,Day,Escalations & Warranty,A3040,Thomas Arora,1,0,336.0,336.0,336.0,0.0
2025-08-12,Bengaluru,Day,Escalations & Warranty,A3042,Steven Chopra,1,0,153.0,153.0,153.0,0.0
2025-08-12,Bengaluru,Day,Logistics,A3029,Rajat Iyer,3,1,7.0,17.4,10.0,0.3333333333333333
2025-08-12,Bengaluru,Day,Logistics,A3030,Sunita Srivastava,5,0,67.0,276.6,124.0,0.0
2025-08-12,Bengaluru,Day,Returns Desk,A3036,Rohit Shinde,3,0,10.0,14.8,10.333333333333334,0.0
2025-08-12,Bengaluru,Day,Voice Frontline,A3023,Rahul Khanna,7,0,31.0,53.60000000000001,33.142857142857146,0.0
2025-08-12,Bengaluru,Morning,Billing,A3033,Amit Kulkarni,4,1,114.5,349.70000000000005,164.25,0.25
2025-08-12,Bengaluru,Morning,Billing,A3035,Rohit Mukherjee,7,3,143.0,555.4,251.42857142857142,0.42857142857142855
2025-08-12,Bengaluru,Morning,Chat Frontline,A3005,Sameer Joshi,4,2,205.5,452.40000000000003,230.5,0.5
2025-08-12,Bengaluru,Morning,Chat Frontline,A3007,Neha Gaikwad,4,2,259.0,474.2,254.25,0.5
2025-08-12,Bengaluru,Morning,Chat Frontline,A3009,Ramesh Patel,5,4,415.0,524.2,370.6,0.8
2025-08-12,Bengaluru,Morning,Chat Frontline,A3014,Diya Patil,3,2,19.0,201.4,89.0,0.6666666666666666
2025-08-12,Bengaluru,Morning,Email Frontline,A3018,Farah Sheikh,5,2,452.0,652.4,407.6,0.4
2025-08-12,Bengaluru,Morning,Email Frontline,A3019,Sai Sandhu,9,2,262.0,670.6000000000001,353.77777777777777,0.2222222222222222
2025-08-12,Bengaluru,Morning,Escalations & Warranty,A3043,Rohit Jain,3,0,38.0,182.0,89.33333333333333,0.0
2025-08-12,Bengaluru,Morning,Logistics,A3031,Om Malhotra,13,4,64.0,485.6,181.69230769230768,0.3076923076923077
2025-08-12,Bengaluru,Morning,Returns Desk,A3037,Rahul Sen,12,9,516.0,837.3000000000001,470.6666666666667,0.75
2025-08-12,Bengaluru,Morning,Voice Frontline,A3024,Kunal Khanna,1,0,35.0,35.0,35.0,0.0
2025-08-12,Bengaluru,Morning,Voice Frontline,A3025,Lobsang Rao,4,0,30.0,41.8,29.75,0.0
2025-08-12,Indore,Day,Chat Frontline,A3002,Tarun Mishra,3,0,1.0,4.2,2.3333333333333335,0.0
2025-08-12,Indore,Day,Chat Frontline,A3003,Harpreet Deshpande,3,2,30.0,291.6,129.66666666666666,0.6666666666666666
2025-08-12,Indore,Day,Logistics,A3027,Dev Chatterjee,6,1,118.5,241.0,125.0,0.16666666666666666
2025-08-12,Indore,Morning,Billing,A3032,Aadhya Sheikh,7,3,182.0,445.6,218.71428571428572,0.42857142857142855
2025-08-12,Indore,Morning,Chat Frontline,A3008,Steven Kaur,2,2,419.5,467.1,419.5,1.0
2025-08-12,Indore,Morning,Chat Frontline,A3010,Neha Chatterjee,3,1,16.0,86.4,41.333333333333336,0.3333333333333333
2025-08-12,Indore,Morning,Chat Frontline,A3011,Karan Roy,5,2,9.0,357.6,134.8,0.4
2025-08-12,Indore,Morning,Chat Frontline,A3013,Ritika Chatterjee,4,1,30.5,391.30000000000007,149.75,0.25
2025-08-12,Indore,Morning,Logistics,A3028,Krishna Kaur,13,6,213.0,538.0,271.9230769230769,0.46153846153846156
2025-08-19,Bengaluru,Day,Billing,A3034,Thomas Patel,6,0,32.0,80.0,39.0,0.0
2025-08-19,Bengaluru,Day,Chat Frontline,A3004,Krishna Naidu,2,1,9.5,17.1,9.5,0.5
2025-08-19,Bengaluru,Day,Chat Frontline,A3006,Lakshmi Reddy,4,1,43.0,76.4,42.75,0.25
2025-08-19,Bengaluru,Day,Chat Frontline,A3012,Lakshmi Sethi,5,1,9.0,206.20000000000002,75.6,0.2
2025-08-19,Bengaluru,Day,Chat Frontline,A3015,Yash Agarwal,3,0,2.0,4.4,3.0,0.0
2025-08-19,Bengaluru,Day,Email Frontline,A3020,Ramesh Ghosh,5,1,87.0,475.0,216.6,0.2
2025-08-19,Bengaluru,Day,Email Frontline,A3021,Aditya Dhillon,5,0,208.0,416.8,274.6,0.0
2025-08-19,Bengaluru,Day,Email Frontline,A3022,Steven Tiwari,4,0,208.5,256.3,192.5,0.0
2025-08-19,Bengaluru,Day,Escalations & Warranty,A3040,Thomas Arora,1,0,18.0,18.0,18.0,0.0
2025-08-19,Bengaluru,Day,Logistics,A3029,Rajat Iyer,2,0,252.0,364.0,252.0,0.0
2025-08-19,Bengaluru,Day,Logistics,A3030,Sunita Srivastava,4,1,132.5,291.7,147.0,0.25
2025-08-19,Bengaluru,Day,Returns Desk,A3036,Rohit Shinde,5,1,9.0,313.40000000000003,111.8,0.2
2025-08-19,Bengaluru,Day,Returns Desk,A3038,Amit Yadav,6,0,6.5,302.0,103.33333333333333,0.0
2025-08-19,Bengaluru,Day,Voice Frontline,A3023,Rahul Khanna,2,0,20.0,23.2,20.0,0.0
2025-08-19,Bengaluru,Day,Voice Frontline,A3026,Lakshmi Qureshi,1,0,43.0,43.0,43.0,0.0
2025-08-19,Bengaluru,Morning,Billing,A3033,Amit Kulkarni,1,1,541.0,541.0,541.0,1.0
2025-08-19,Bengaluru,Morning,Billing,A3035,Rohit Mukherjee,2,0,233.0,242.6,233.0,0.0
2025-08-19,Bengaluru,Morning,Chat Frontline,A3005,Sameer Joshi,2,0,3.0,3.8,3.0,0.0
2025-08-19,Bengaluru,Morning,Chat Frontline,A3007,Neha Gaikwad,4,2,27.5,264.50000000000006,105.75,0.5
2025-08-19,Bengaluru,Morning,Chat Frontline,A3009,Ramesh Patel,1,1,403.0,403.0,403.0,1.0
2025-08-19,Bengaluru,Morning,Chat Frontline,A3014,Diya Patil,2,2,446.5,476.5,446.5,1.0
2025-08-19,Bengaluru,Morning,Email Frontline,A3018,Farah Sheikh,4,1,219.0,730.3000000000001,349.5,0.25
2025-08-19,Bengaluru,Morning,Email Frontline,A3019,Sai Sandhu,11,3,444.0,587.0,367.45454545454544,0.2727272727272727
2025-08-19,Bengaluru,Morning,Escalations & Warranty,A3039,Riya Gaikwad,4,1,50.5,326.00000000000006,136.75,0.25
2025-08-19,Bengaluru,Morning,Escalations & Warranty,A3043,Rohit Jain,3,0,4.0,12.0,6.333333333333333,0.0
2025-08-19,Bengaluru,Morning,Logistics,A3031,Om Malhotra,8,3,215.5,553.8,265.0,0.375
2025-08-19,Bengaluru,Morning,Returns Desk,A3037,Rahul Sen,10,2,152.0,428.59999999999997,195.3,0.2
2025-08-19,Bengaluru,Morning,Voice Frontline,A3024,Kunal Khanna,1,0,76.0,76.0,76.0,0.0
2025-08-19,Bengaluru,Morning,Voice Frontline,A3025,Lobsang Rao,1,0,22.0,22.0,22.0,0.0
2025-08-19,Indore,Day,Chat Frontline,A3002,Tarun Mishra,4,1,94.0,1196.6000000000004,457.0,0.25
2025-08-19,Indore,Day,Chat Frontline,A3003,Harpreet Deshpande,2,0,5.5,8.3,5.5,0.0
2025-08-19,Indore,Day,Logistics,A3027,Dev Chatterjee,1,0,62.0,62.0,62.0,0.0
2025-08-19,Indore,Morning,Billing,A3032,Aadhya Sheikh,5,2,95.0,650.4,275.4,0.4
2025-08-19,Indore,Morning,Chat Frontline,A3008,Steven Kaur,1,1,476.0,476.0,476.0,1.0
2025-08-19,Indore,Morning,Chat Frontline,A3010,Neha Chatterjee,4,2,246.0,499.8,260.0,0.5
2025-08-19,Indore,Morning,Chat Frontline,A3013,Ritika Chatterjee,3,2,464.0,478.4,358.3333333333333,0.6666666666666666
2025-08-19,Indore,Morning,Logistics,A3028,Krishna Kaur,11,4,290.0,510.0,250.45454545454547,0.36363636363636365
2025-08-26,Bengaluru,Day,Billing,A3034,Thomas Patel,8,1,83.0,314.29999999999995,142.875,0.125
2025-08-26,Bengaluru,Day,Chat Frontline,A3004,Krishna Naidu,4,0,5.5,8.7,5.75,0.0
2025-08-26,Bengaluru,Day,Chat Frontline,A3006,Lakshmi Reddy,5,0,2.0,7.6000000000000005,3.4,0.0
2025-08-26,Bengaluru,Day,Chat Frontline,A3012,Lakshmi Sethi,3,0,4.0,5.6,4.0,0.0
2025-08-26,Bengaluru,Day,Email Frontline,A3020,Ramesh Ghosh,4,0,88.0,232.30000000000004,126.5,0.0
2025-08-26,Bengaluru,Day,Email Frontline,A3021,Aditya Dhillon,11,1,222.0,376.0,339.27272727272725,0.09090909090909091
2025-08-26,Bengaluru,Day,Email Frontline,A3022,Steven Tiwari,1,0,259.0,259.0,259.0,0.0
2025-08-26,Bengaluru,Day,Escalations & Warranty,A3040,Thomas Arora,1,0,41.0,41.0,41.0,0.0
2025-08-26,Bengaluru,Day,Escalations & Warranty,A3042,Steven Chopra,3,1,43.0,510.20000000000005,224.0,0.3333333333333333
2025-08-26,Bengaluru,Day,Escalations & Warranty,A3044,Kunal Malhotra,1,0,13.0,13.0,13.0,0.0
2025-08-26,Bengaluru,Day,Logistics,A3029,Rajat Iyer,5,2,133.0,361.6,159.4,0.4
2025-08-26,Bengaluru,Day,Logistics,A3030,Sunita Srivastava,3,0,13.0,14.6,10.666666666666666,0.0
2025-08-26,Bengaluru,Day,Returns Desk,A3036,Rohit Shinde,2,2,512.5,554.5,512.5,1.0
2025-08-26,Bengaluru,Day,Returns Desk,A3038,Amit Yadav,4,0,86.5,153.8,83.75,0.0
2025-08-26,Bengaluru,Day,Voice Frontline,A3023,Rahul Khanna,2,0,62.5,79.7,62.5,0.0
2025-08-26,Bengaluru,Day,Voice Frontline,A3026,Lakshmi Qureshi,5,0,24.0,40.800000000000004,28.4,0.0
2025-08-26,Bengaluru,Morning,Billing,A3033,Amit Kulkarni,9,2,93.0,443.2,185.33333333333334,0.2222222222222222
2025-08-26,Bengaluru,Morning,Billing,A3035,Rohit Mukherjee,5,1,15.0,337.6,135.0,0.2
2025-08-26,Bengaluru,Morning,Chat Frontline,A3005,Sameer Joshi,4,0,5.0,91.00000000000003,34.5,0.0
2025-08-26,Bengaluru,Morning,Chat Frontline,A3007,Neha Gaikwad,4,1,51.5,212.60000000000002,90.75,0.25
2025-08-26,Bengaluru,Morning,Chat Frontline,A3009,Ramesh Patel,1,0,2.0,2.0,2.0,0.0
2025-08-26,Bengaluru,Morning,Chat Frontline,A3014,Diya Patil,4,3,438.5,495.0,358.0,0.75
2025-08-26,Bengaluru,Morning,Email Frontline,A3018,Farah Sheikh,5,3,509.0,567.8,401.6,0.6
2025-08-26,Bengaluru,Morning,Email Frontline,A3019,Sai Sandhu,6,2,414.5,493.0,387.6666666666667,0.3333333333333333
2025-08-26,Bengaluru,Morning,Escalations & Warranty,A3039,Riya Gaikwad,2,1,322.5,468.5,322.5,0.5
2025-08-26,Bengaluru,Morning,Escalations & Warranty,A3043,Rohit Jain,4,0,68.0,158.20000000000002,95.0,0.0
2025-08-26,Bengaluru,Morning,Logistics,A3031,Om Malhotra,13,6,206.0,473.8,222.69230769230768,0.46153846153846156
2025-08-26,Bengaluru,Morning,Returns Desk,A3037,Rahul Sen,13,4,95.0,459.00000000000006,184.69230769230768,0.3076923076923077
2025-08-26,Bengaluru,Morning,Voice Frontline,A3024,Kunal Khanna,3,0,17.0,63.400000000000006,31.666666666666668,0.0
2025-08-26,Indore,Day,Chat Frontline,A3002,Tarun Mishra,3,1,6.0,336.40000000000003,143.0,0.3333333333333333
2025-08-26,Indore,Day,Chat Frontline,A3003,Harpreet Deshpande,2,1,14.5,18.1,14.5,0.5
2025-08-26,Indore,Day,Escalations & Warranty,A3041,Riya Fernandes,1,0,1.0,1.0,1.0,0.0
2025-08-26,Indore,Day,Logistics,A3027,Dev Chatterjee,2,0,147.5,211.9,147.5,0.0
2025-08-26,Indore,Morning,Billing,A3032,Aadhya Sheikh,6,3,179.0,364.5,184.33333333333334,0.5
2025-08-26,Indore,Morning,Chat Frontline,A3008,Steven Kaur,6,3,182.5,440.5,210.5,0.5
2025-08-26,Indore,Morning,Chat Frontline,A3010,Neha Chatterjee,5,2,9.0,268.0,93.6,0.4
2025-08-26,Indore,Morning,Chat Frontline,A3011,Karan Roy,2,2,289.5,451.5,289.5,1.0
2025-08-26,Indore,Morning,Chat Frontline,A3013,Ritika Chatterjee,3,1,9.0,388.20000000000005,164.66666666666666,0.3333333333333333
2025-08-26,Indore,Morning,Logistics,A3028,Krishna Kaur,12,5,92.0,445.90000000000003,195.25,0.4166666666666667
2025-09-02,Bengaluru,Day,Billing,A3034,Thomas Patel,7,1,53.0,277.0,114.57142857142857,0.14285714285714285
2025-09-02,Bengaluru,Day,Chat Frontline,A3004,Krishna Naidu,3,0,31.0,95.80000000000001,48.333333333333336,0.0
2025-09-02,Bengaluru,Day,Chat Frontline,A3006,Lakshmi Reddy,3,0,11.0,102.2,47.333333333333336,0.0
2025-09-02,Bengaluru,Day,Chat Frontline,A3012,Lakshmi Sethi,5,2,5.0,29.400000000000002,12.8,0.4
2025-09-02,Bengaluru,Day,Chat Frontline,A3015,Yash Agarwal,1,0,15.0,15.0,15.0,0.0
2025-09-02,Bengaluru,Day,Email Frontline,A3020,Ramesh Ghosh,3,0,105.0,187.4,139.0,0.0
2025-09-02,Bengaluru,Day,Email Frontline,A3021,Aditya Dhillon,2,0,86.0,114.0,86.0,0.0
2025-09-02,Bengaluru,Day,Email Frontline,A3022,Steven Tiwari,1,0,113.0,113.0,113.0,0.0
2025-09-02,Bengaluru,Day,Escalations & Warranty,A3040,Thomas Arora,3,1,63.0,407.8,192.0,0.3333333333333333
2025-09-02,Bengaluru,Day,Escalations & Warranty,A3042,Steven Chopra,1,0,9.0,9.0,9.0,0.0
2025-09-02,Bengaluru,Day,Escalations & Warranty,A3044,Kunal Malhotra,1,0,3.0,3.0,3.0,0.0
2025-09-02,Bengaluru,Day,Logistics,A3029,Rajat Iyer,3,0,1.0,121.80000000000001,51.333333333333336,0.0
2025-09-02,Bengaluru,Day,Logistics,A3030,Sunita Srivastava,1,0,0.0,0.0,0.0,0.0
2025-09-02,Bengaluru,Day,Returns Desk,A3036,Rohit Shinde,5,2,120.0,494.0,226.0,0.4
2025-09-02,Bengaluru,Day,Returns Desk,A3038,Amit Yadav,5,0,12.0,67.80000000000001,28.2,0.0
2025-09-02,Bengaluru,Day,Voice Frontline,A3023,Rahul Khanna,4,0,58.0,107.8,59.25,0.0
2025-09-02,Bengaluru,Day,Voice Frontline,A3026,Lakshmi Qureshi,3,0,51.0,77.4,54.0,0.0
2025-09-02,Bengaluru,Morning,Billing,A3033,Amit Kulkarni,2,1,211.0,377.4,211.0,0.5
2025-09-02,Bengaluru,Morning,Billing,A3035,Rohit Mukherjee,4,4,319.5,502.70000000000005,343.0,1.0
2025-09-02,Bengaluru,Morning,Chat Frontline,A3005,Sameer Joshi,4,3,290.5,484.6,271.0,0.75
2025-09-02,Bengaluru,Morning,Chat Frontline,A3007,Neha Gaikwad,3,2,491.0,522.2,342.6666666666667,0.6666666666666666
2025-09-02,Bengaluru,Morning,Chat Frontline,A3014,Diya Patil,7,4,37.0,327.0,126.14285714285714,0.5714285714285714
2025-09-02,Bengaluru,Morning,Email Frontline,A3018,Farah Sheikh,9,4,314.0,640.0,367.77777777777777,0.4444444444444444
2025-09-02,Bengaluru,Morning,Email Frontline,A3019,Sai Sandhu,7,2,253.0,503.0,284.2857142857143,0.2857142857142857
2025-09-02,Bengaluru,Morning,Escalations & Warranty,A3039,Riya Gaikwad,5,2,473.0,615.4,338.8,0.4
2025-09-02,Bengaluru,Morning,Escalations & Warranty,A3043,Rohit Jain,9,4,173.0,477.0,254.77777777777777,0.4444444444444444
2025-09-02,Bengaluru,Morning,Logistics,A3031,Om Malhotra,7,3,258.0,510.2,267.14285714285717,0.42857142857142855
2025-09-02,Bengaluru,Morning,Returns Desk,A3037,Rahul Sen,5,2,18.0,373.40000000000003,146.6,0.4
2025-09-02,Bengaluru,Morning,Voice Frontline,A3024,Kunal Khanna,3,1,23.0,107.0,51.666666666666664,0.3333333333333333
2025-09-02,Bengaluru,Morning,Voice Frontline,A3025,Lobsang Rao,2,0,21.5,33.9,21.5,0.0
2025-09-02,Indore,Day,Chat Frontline,A3002,Tarun Mishra,1,0,11.0,11.0,11.0,0.0
2025-09-02,Indore,Day,Chat Frontline,A3003,Harpreet Deshpande,4,0,2.5,6.500000000000001,3.75,0.0
2025-09-02,Indore,Day,Logistics,A3027,Dev Chatterjee,2,0,53.5,65.9,53.5,0.0
2025-09-02,Indore,Morning,Billing,A3032,Aadhya Sheikh,4,1,238.0,401.80000000000007,235.25,0.25
2025-09-02,Indore,Morning,Chat Frontline,A3008,Steven Kaur,5,1,40.0,238.40000000000003,97.4,0.2
2025-09-02,Indore,Morning,Chat Frontline,A3010,Neha Chatterjee,7,5,485.0,506.8,320.85714285714283,0.7142857142857143
2025-09-02,Indore,Morning,Chat Frontline,A3011,Karan Roy,4,4,184.5,427.90000000000003,218.5,1.0
2025-09-02,Indore,Morning,Chat Frontline,A3013,Ritika Chatterjee,3,2,201.0,268.2,163.0,0.6666666666666666
2025-09-02,Indore,Morning,Logistics,A3028,Krishna Kaur,7,2,213.0,486.6,254.42857142857142,0.2857142857142857
2025-09-09,Bengaluru,Day,Billing,A3034,Thomas Patel,6,0,5.5,123.5,43.5,0.0
2025-09-09,Bengaluru,Day,Chat Frontline,A3004,Krishna Naidu,2,0,4.0,7.2,4.0,0.0
2025-09-09,Bengaluru,Day,Chat Frontline,A3006,Lakshmi Reddy,1,0,5.0,5.0,5.0,0.0
2025-09-09,Bengaluru,Day,Chat Frontline,A3012,Lakshmi Sethi,8,0,4.5,25.699999999999996,9.5,0.0
2025-09-09,Bengaluru,Day,Chat Frontline,A3015,Yash Agarwal,1,0,8.0,8.0,8.0,0.0
2025-09-09,Bengaluru,Day,Email Frontline,A3020,Ramesh Ghosh,6,2,189.5,376.0,214.0,0.3333333333333333
2025-09-09,Bengaluru,Day,Email Frontline,A3021,Aditya Dhillon,2,0,76.0,108.8,76.0,0.0
2025-09-09,Bengaluru,Day,Email Frontline,A3022,Steven Tiwari,5,0,265.0,440.4,267.6,0.0
2025-09-09,Bengaluru,Day,Escalations & Warranty,A3040,Thomas Arora,1,0,372.0,372.0,372.0,0.0
2025-09-09,Bengaluru,Day,Logistics,A3029,Rajat Iyer,3,0,28.0,28.8,21.333333333333332,0.0
2025-09-09,Bengaluru,Day,Logistics,A3030,Sunita Srivastava,1,0,16.0,16.0,16.0,0.0
2025-09-09,Bengaluru,Day,Returns Desk,A3036,Rohit Shinde,3,0,7.0,8.6,6.0,0.0
2025-09-09,Bengaluru,Day,Returns Desk,A3038,Amit Yadav,6,0,7.0,142.0,50.666666666666664,0.0
2025-09-09,Bengaluru,Day,Voice Frontline,A3023,Rahul Khanna,5,0,24.0,34.800000000000004,24.4,0.0
2025-09-09,Bengaluru,Day,Voice Frontline,A3026,Lakshmi Qureshi,3,1,42.0,176.4,90.66666666666667,0.3333333333333333
2025-09-09,Bengaluru,Morning,Billing,A3033,Amit Kulkarni,11,4,79.0,490.0,196.0,0.36363636363636365
2025-09-09,Bengaluru,Morning,Billing,A3035,Rohit Mukherjee,7,3,5.0,532.8000000000002,206.14285714285714,0.42857142857142855
2025-09-09,Bengaluru,Morning,Chat Frontline,A3005,Sameer Joshi,2,2,257.5,450.7,257.5,1.0
2025-09-09,Bengaluru,Morning,Chat Frontline,A3007,Neha Gaikwad,3,3,482.0,491.6,397.6666666666667,1.0
2025-09-09,Bengaluru,Morning,Chat Frontline,A3009,Ramesh Patel,2,2,236.5,411.3,236.5,1.0
2025-09-09,Bengaluru,Morning,Chat Frontline,A3014,Diya Patil,4,2,196.5,270.7,171.75,0.5
2025-09-09,Bengaluru,Morning,Email Frontline,A3018,Farah Sheikh,10,1,254.0,489.79999999999995,268.2,0.1
2025-09-09,Bengaluru,Morning,Email Frontline,A3019,Sai Sandhu,8,1,456.0,483.0,336.0,0.125
2025-09-09,Bengaluru,Morning,Escalations & Warranty,A3039,Riya Gaikwad,5,3,101.0,639.4000000000001,263.0,0.6
2025-09-09,Bengaluru,Morning,Escalations & Warranty,A3043,Rohit Jain,1,1,291.0,291.0,291.0,1.0
2025-09-09,Bengaluru,Morning,Logistics,A3031,Om Malhotra,8,3,263.0,506.2,252.125,0.375
2025-09-09,Bengaluru,Morning,Returns Desk,A3037,Rahul Sen,10,4,249.5,482.8,249.4,0.4
2025-09-09,Bengaluru,Morning,Voice Frontline,A3024,Kunal Khanna,3,0,44.0,99.2,62.333333333333336,0.0
2025-09-09,Bengaluru,Morning,Voice Frontline,A3025,Lobsang Rao,2,0,31.5,42.3,31.5,0.0
2025-09-09,Indore,Day,Chat Frontline,A3002,Tarun Mishra,5,0,17.0,82.4,34.8,0.0
2025-09-09,Indore,Day,Chat Frontline,A3003,Harpreet Deshpande,2,1,14.5,18.9,14.5,0.5
2025-09-09,Indore,Day,Escalations & Warranty,A3041,Riya Fernandes,1,0,8.0,8.0,8.0,0.0
2025-09-09,Indore,Day,Logistics,A3027,Dev Chatterjee,7,1,57.0,213.60000000000008,88.85714285714286,0.14285714285714285
2025-09-09,Indore,Morning,Billing,A3032,Aadhya Sheikh,9,6,510.0,643.6,401.0,0.6666666666666666
2025-09-09,Indore,Morning,Chat Frontline,A3008,Steven Kaur,5,1,15.0,335.6,133.2,0.2
2025-09-09,Indore,Morning,Chat Frontline,A3010,Neha Chatterjee,4,1,9.5,200.30000000000007,75.25,0.25
2025-09-09,Indore,Morning,Chat Frontline,A3013,Ritika Chatterjee,3,1,119.0,287.0,153.0,0.3333333333333333
2025-09-09,Indore,Morning,Logistics,A3028,Krishna Kaur,9,3,88.0,342.0,151.22222222222223,0.3333333333333333
2025-09-16,Bengaluru,Day,Billing,A3034,Thomas Patel,7,3,34.0,423.8000000000001,181.14285714285714,0.42857142857142855
2025-09-16,Bengaluru,Day,Chat Frontline,A3004,Krishna Naidu,3,2,16.0,17.6,12.333333333333334,0.6666666666666666
2025-09-16,Bengaluru,Day,Chat Frontline,A3006,Lakshmi Reddy,2,1,28.5,49.7,28.5,0.5
2025-09-16,Bengaluru,Day,Chat Frontline,A3012,Lakshmi Sethi,4,0,35.5,56.1,32.0,0.0
2025-09-16,Bengaluru,Day,Chat Frontline,A3015,Yash Agarwal,1,0,6.0,6.0,6.0,0.0
2025-09-16,Bengaluru,Day,Email Frontline,A3020,Ramesh Ghosh,3,0,319.0,385.4,293.3333333333333,0.0
2025-09-16,Bengaluru,Day,Email Frontline,A3021,Aditya Dhillon,3,0,149.0,219.4,160.66666666666666,0.0
2025-09-16,Bengaluru,Day,Email Frontline,A3022,Steven Tiwari,3,0,96.0,173.6,111.0,0.0
2025-09-16,Bengaluru,Day,Escalations & Warranty,A3042,Steven Chopra,1,0,122.0,122.0,122.0,0.0
2025-09-16,Bengaluru,Day,Logistics,A3029,Rajat Iyer,3,0,11.0,64.60000000000001,30.666666666666668,0.0
2025-09-16,Bengaluru,Day,Logistics,A3030,Sunita Srivastava,4,0,4.5,9.5,5.25,0.0
2025-09-16,Bengaluru,Day,Returns Desk,A3036,Rohit Shinde,2,0,9.0,9.8,9.0,0.0
2025-09-16,Bengaluru,Day,Returns Desk,A3038,Amit Yadav,3,1,258.0,382.0,255.66666666666666,0.3333333333333333
2025-09-16,Bengaluru,Day,Voice Frontline,A3023,Rahul Khanna,4,0,33.0,46.6,34.0,0.0
2025-09-16,Bengaluru,Day,Voice Frontline,A3026,Lakshmi Qureshi,5,0,49.0,86.2,54.0,0.0
2025-09-16,Bengaluru,Morning,Billing,A3033,Amit Kulkarni,2,0,83.0,148.6,83.0,0.0
2025-09-16,Bengaluru,Morning,Billing,A3035,Rohit Mukherjee,4,1,230.0,448.5,230.75,0.25
2025-09-16,Bengaluru,Morning,Chat Frontline,A3005,Sameer Joshi,3,1,452.0,477.6,313.0,0.3333333333333333
2025-09-16,Bengaluru,Morning,Chat Frontline,A3007,Neha Gaikwad,4,1,9.5,18.200000000000003,10.5,0.25
2025-09-16,Bengaluru,Morning,Chat Frontline,A3009,Ramesh Patel,4,2,73.5,355.1000000000001,154.0,0.5
2025-09-16,Bengaluru,Morning,Chat Frontline,A3014,Diya Patil,3,0,14.0,39.6,22.666666666666668,0.0
2025-09-16,Bengaluru,Morning,Email Frontline,A3018,Farah Sheikh,6,3,463.5,645.5,441.6666666666667,0.5
2025-09-16,Bengaluru,Morning,Email Frontline,A3019,Sai Sandhu,10,5,512.0,777.5,497.6,0.5
2025-09-16,Bengaluru,Morning,Escalations & Warranty,A3039,Riya Gaikwad,4,3,375.5,580.2,349.75,0.75
2025-09-16,Bengaluru,Morning,Escalations & Warranty,A3043,Rohit Jain,4,0,86.0,198.3,110.25,0.0
2025-09-16,Bengaluru,Morning,Logistics,A3031,Om Malhotra,10,3,99.5,518.1999999999999,214.2,0.3
2025-09-16,Bengaluru,Morning,Returns Desk,A3037,Rahul Sen,8,3,188.5,529.8,231.25,0.375
2025-09-16,Bengaluru,Morning,Voice Frontline,A3024,Kunal Khanna,5,0,32.0,60.8,36.8,0.0
2025-09-16,Bengaluru,Morning,Voice Frontline,A3025,Lobsang Rao,3,0,37.0,53.8,38.333333333333336,0.0
2025-09-16,Indore,Day,Chat Frontline,A3002,Tarun Mishra,4,0,6.0,8.4,5.5,0.0
2025-09-16,Indore,Day,Chat Frontline,A3003,Harpreet Deshpande,3,1,4.0,13.600000000000001,6.666666666666667,0.3333333333333333
2025-09-16,Indore,Day,Escalations & Warranty,A3041,Riya Fernandes,1,0,62.0,62.0,62.0,0.0
2025-09-16,Indore,Day,Logistics,A3027,Dev Chatterjee,9,1,32.0,217.8,84.11111111111111,0.1111111111111111
2025-09-16,Indore,Morning,Billing,A3032,Aadhya Sheikh,5,3,486.0,609.6,358.0,0.6
2025-09-16,Indore,Morning,Chat Frontline,A3008,Steven Kaur,2,0,8.0,10.4,8.0,0.0
2025-09-16,Indore,Morning,Chat Frontline,A3010,Neha Chatterjee,3,1,17.0,248.20000000000002,107.66666666666667,0.3333333333333333
2025-09-16,Indore,Morning,Chat Frontline,A3011,Karan Roy,5,1,8.0,289.40000000000003,107.8,0.2
2025-09-16,Indore,Morning,Chat Frontline,A3013,Ritika Chatterjee,2,0,5.0,5.8,5.0,0.0
2025-09-16,Indore,Morning,Logistics,A3028,Krishna Kaur,6,2,95.0,393.5,166.5,0.3333333333333333
2025-09-23,Bengaluru,Day,Billing,A3034,Thomas Patel,11,0,14.0,125.0,56.18181818181818,0.0
2025-09-23,Bengaluru,Day,Chat Frontline,A3004,Krishna Naidu,3,0,2.0,10.8,5.333333333333333,0.0
2025-09-23,Bengaluru,Day,Chat Frontline,A3006,Lakshmi Reddy,4,0,11.0,49.30000000000001,22.25,0.0
2025-09-23,Bengaluru,Day,Chat Frontline,A3012,Lakshmi Sethi,2,0,2.5,3.7,2.5,0.0
2025-09-23,Bengaluru,Day,Chat Frontline,A3015,Yash Agarwal,4,1,6.5,20.6,10.25,0.25
2025-09-23,Bengaluru,Day,Email Frontline,A3020,Ramesh Ghosh,3,1,196.0,196.8,138.66666666666666,0.3333333333333333
2025-09-23,Bengaluru,Day,Email Frontline,A3022,Steven Tiwari,3,0,84.0,117.6,75.66666666666667,0.0
2025-09-23,Bengaluru,Day,Escalations & Warranty,A3044,Kunal Malhotra,1,0,20.0,20.0,20.0,0.0
2025-09-23,Bengaluru,Day,Logistics,A3029,Rajat Iyer,5,0,74.0,177.4,87.8,0.0
2025-09-23,Bengaluru,Day,Logistics,A3030,Sunita Srivastava,1,0,96.0,96.0,96.0,0.0
2025-09-23,Bengaluru,Day,Returns Desk,A3036,Rohit Shinde,1,0,313.0,313.0,313.0,0.0
2025-09-23,Bengaluru,Day,Returns Desk,A3038,Amit Yadav,2,0,206.0,364.4,206.0,0.0
2025-09-23,Bengaluru,Day,Voice Frontline,A3023,Rahul Khanna,1,0,5.0,5.0,5.0,0.0
2025-09-23,Bengaluru,Day,Voice Frontline,A3026,Lakshmi Qureshi,2,0,24.0,24.8,24.0,0.0
2025-09-23,Bengaluru,Morning,Billing,A3033,Amit Kulkarni,6,3,407.5,486.0,315.3333333333333,0.5
2025-09-23,Bengaluru,Morning,Billing,A3035,Rohit Mukherjee,3,1,45.0,394.6,182.66666666666666,0.3333333333333333
2025-09-23,Bengaluru,Morning,Chat Frontline,A3005,Sameer Joshi,3,0,4.0,4.0,4.0,0.0
2025-09-23,Bengaluru,Morning,Chat Frontline,A3007,Neha Gaikwad,4,2,228.0,498.20000000000005,245.75,0.5
2025-09-23,Bengaluru,Morning,Chat Frontline,A3009,Ramesh Patel,6,2,9.0,362.5,124.16666666666667,0.3333333333333333
2025-09-23,Bengaluru,Morning,Chat Frontline,A3014,Diya Patil,4,2,264.5,444.2,246.75,0.5
2025-09-23,Bengaluru,Morning,Email Frontline,A3018,Farah Sheikh,9,1,137.0,538.4000000000001,256.55555555555554,0.1111111111111111
2025-09-23,Bengaluru,Morning,Email Frontline,A3019,Sai Sandhu,7,1,329.0,436.20000000000005,298.42857142857144,0.14285714285714285
2025-09-23,Bengaluru,Morning,Escalations & Warranty,A3039,Riya Gaikwad,2,0,136.0,152.8,136.0,0.0
2025-09-23,Bengaluru,Morning,Escalations & Warranty,A3043,Rohit Jain,3,2,440.0,456.0,319.6666666666667,0.6666666666666666
2025-09-23,Bengaluru,Morning,Logistics,A3031,Om Malhotra,2,0,262.0,366.8,262.0,0.0
2025-09-23,Bengaluru,Morning,Returns Desk,A3037,Rahul Sen,11,5,29.0,524.0,188.36363636363637,0.45454545454545453
2025-09-23,Bengaluru,Morning,Voice Frontline,A3024,Kunal Khanna,1,0,32.0,32.0,32.0,0.0
2025-09-23,Bengaluru,Morning,Voice Frontline,A3025,Lobsang Rao,2,0,31.0,37.4,31.0,0.0
2025-09-23,Indore,Day,Chat Frontline,A3002,Tarun Mishra,4,0,3.5,5.0,3.25,0.0
2025-09-23,Indore,Day,Chat Frontline,A3003,Harpreet Deshpande,4,2,24.5,30.4,20.75,0.5
2025-09-23,Indore,Day,Escalations & Warranty,A3041,Riya Fernandes,3,0,7.0,25.400000000000002,13.333333333333334,0.0
2025-09-23,Indore,Day,Logistics,A3027,Dev Chatterjee,5,1,5.0,349.6,121.0,0.2
2025-09-23,Indore,Morning,Billing,A3032,Aadhya Sheikh,1,1,460.0,460.0,460.0,1.0
2025-09-23,Indore,Morning,Chat Frontline,A3010,Neha Chatterjee,6,1,3.0,110.0,38.0,0.16666666666666666
2025-09-23,Indore,Morning,Chat Frontline,A3011,Karan Roy,4,1,5.0,229.30000000000007,84.25,0.25
2025-09-23,Indore,Morning,Chat Frontline,A3013,Ritika Chatterjee,4,1,104.5,318.6,146.25,0.25
2025-09-23,Indore,Morning,Logistics,A3028,Krishna Kaur,5,1,5.0,598.6000000000001,205.2,0.2
2025-09-30,Bengaluru,Day,Billing,A3034,Thomas Patel,14,0,30.0,93.00000000000001,50.42857142857143,0.0
2025-09-30,Bengaluru,Day,Chat Frontline,A3004,Krishna Naidu,3,1,44.0,58.4,36.0,0.3333333333333333
2025-09-30,Bengaluru,Day,Chat Frontline,A3006,Lakshmi Reddy,6,0,4.5,10.0,5.0,0.0
2025-09-30,Bengaluru,Day,Chat Frontline,A3015,Yash Agarwal,2,0,2.5,2.9,2.5,0.0
2025-09-30,Bengaluru,Day,Email Frontline,A3020,Ramesh Ghosh,5,1,240.0,490.0,286.0,0.2
2025-09-30,Bengaluru,Day,Email Frontline,A3021,Aditya Dhillon,3,0,41.0,109.0,58.0,0.0
2025-09-30,Bengaluru,Day,Email Frontline,A3022,Steven Tiwari,3,0,97.0,124.2,89.66666666666667,0.0
2025-09-30,Bengaluru,Day,Escalations & Warranty,A3040,Thomas Arora,1,0,58.0,58.0,58.0,0.0
2025-09-30,Bengaluru,Day,Escalations & Warranty,A3044,Kunal Malhotra,1,0,8.0,8.0,8.0,0.0
2025-09-30,Bengaluru,Day,Logistics,A3029,Rajat Iyer,5,0,170.0,229.8,160.0,0.0
2025-09-30,Bengaluru,Day,Returns Desk,A3036,Rohit Shinde,3,1,106.0,445.20000000000005,215.33333333333334,0.3333333333333333
2025-09-30,Bengaluru,Day,Returns Desk,A3038,Amit Yadav,6,1,93.5,160.5,85.83333333333333,0.16666666666666666
2025-09-30,Bengaluru,Day,Voice Frontline,A3023,Rahul Khanna,3,1,7.0,157.4,69.33333333333333,0.3333333333333333
2025-09-30,Bengaluru,Day,Voice Frontline,A3026,Lakshmi Qureshi,2,0,50.5,66.1,50.5,0.0
2025-09-30,Bengaluru,Morning,Billing,A3033,Amit Kulkarni,8,5,123.0,448.59999999999997,210.375,0.625
2025-09-30,Bengaluru,Morning,Billing,A3035,Rohit Mukherjee,5,1,19.0,314.0,121.6,0.2
2025-09-30,Bengaluru,Morning,Chat Frontline,A3005,Sameer Joshi,4,2,142.5,350.3,167.5,0.5
2025-09-30,Bengaluru,Morning,Chat Frontline,A3009,Ramesh Patel,4,1,46.5,332.80000000000007,134.5,0.25
2025-09-30,Bengaluru,Morning,Chat Frontline,A3014,Diya Patil,7,3,23.0,393.40000000000003,128.14285714285714,0.42857142857142855
2025-09-30,Bengaluru,Morning,Email Frontline,A3018,Farah Sheikh,8,1,200.0,476.9,282.0,0.125
2025-09-30,Bengaluru,Morning,Email Frontline,A3019,Sai Sandhu,8,1,203.5,373.69999999999993,207.375,0.125
2025-09-30,Bengaluru,Morning,Escalations & Warranty,A3039,Riya Gaikwad,6,1,155.5,249.5,173.16666666666666,0.16666666666666666
2025-09-30,Bengaluru,Morning,Escalations & Warranty,A3043,Rohit Jain,5,2,346.0,521.4,330.0,0.4
2025-09-30,Bengaluru,Morning,Logistics,A3031,Om Malhotra,8,2,34.0,402.3,123.25,0.25
2025-09-30,Bengaluru,Morning,Returns Desk,A3037,Rahul Sen,9,2,183.0,531.0,239.11111111111111,0.2222222222222222
2025-09-30,Bengaluru,Morning,Voice Frontline,A3024,Kunal Khanna,4,0,24.0,48.50000000000001,27.5,0.0
2025-09-30,Bengaluru,Morning,Voice Frontline,A3025,Lobsang Rao,5,1,50.0,173.60000000000002,80.2,0.2
2025-09-30,Indore,Day,Chat Frontline,A3002,Tarun Mishra,5,0,7.0,50.0,23.0,0.0
2025-09-30,Indore,Day,Chat Frontline,A3003,Harpreet Deshpande,2,0,70.0,118.8,70.0,0.0
2025-09-30,Indore,Day,Logistics,A3027,Dev Chatterjee,3,0,81.0,165.8,114.33333333333333,0.0
2025-09-30,Indore,Morning,Billing,A3032,Aadhya Sheikh,2,1,605.0,1086.6,605.0,0.5
2025-09-30,Indore,Morning,Chat Frontline,A3008,Steven Kaur,4,1,7.5,213.30000000000007,79.0,0.25
2025-09-30,Indore,Morning,Chat Frontline,A3010,Neha Chatterjee,3,1,4.0,380.0,160.0,0.3333333333333333
2025-09-30,Indore,Morning,Chat Frontline,A3011,Karan Roy,3,2,24.0,391.20000000000005,169.66666666666666,0.6666666666666666
2025-09-30,Indore,Morning,Chat Frontline,A3013,Ritika Chatterjee,6,2,21.5,256.0,93.16666666666667,0.3333333333333333
2025-09-30,Indore,Morning,Logistics,A3028,Krishna Kaur,8,2,35.5,535.9,159.25,0.25
2025-10-07,Bengaluru,Day,Billing,A3034,Thomas Patel,17,1,10.0,65.80000000000001,45.0,0.058823529411764705
2025-10-07,Bengaluru,Day,Chat Frontline,A3004,Krishna Naidu,1,0,1.0,1.0,1.0,0.0
2025-10-07,Bengaluru,Day,Chat Frontline,A3006,Lakshmi Reddy,2,1,11.5,15.9,11.5,0.5
2025-10-07,Bengaluru,Day,Chat Frontline,A3012,Lakshmi Sethi,1,0,3.0,3.0,3.0,0.0
2025-10-07,Bengaluru,Day,Chat Frontline,A3015,Yash Agarwal,1,0,315.0,315.0,315.0,0.0
2025-10-07,Bengaluru,Day,Email Frontline,A3020,Ramesh Ghosh,5,1,58.0,493.6,211.6,0.2
2025-10-07,Bengaluru,Day,Email Frontline,A3021,Aditya Dhillon,3,0,102.0,387.6,192.66666666666666,0.0
2025-10-07,Bengaluru,Day,Email Frontline,A3022,Steven Tiwari,4,0,154.0,200.70000000000002,141.0,0.0
2025-10-07,Bengaluru,Day,Escalations & Warranty,A3040,Thomas Arora,1,1,482.0,482.0,482.0,1.0
2025-10-07,Bengaluru,Day,Escalations & Warranty,A3042,Steven Chopra,1,0,24.0,24.0,24.0,0.0
2025-10-07,Bengaluru,Day,Escalations & Warranty,A3044,Kunal Malhotra,3,0,5.0,11.4,7.666666666666667,0.0
2025-10-07,Bengaluru,Day,Logistics,A3029,Rajat Iyer,7,2,153.0,533.4000000000001,221.57142857142858,0.2857142857142857
2025-10-07,Bengaluru,Day,Logistics,A3030,Sunita Srivastava,5,0,65.0,180.8,82.6,0.0
2025-10-07,Bengaluru,Day,Returns Desk,A3036,Rohit Shinde,3,1,6.0,210.0,90.66666666666667,0.3333333333333333
2025-10-07,Bengaluru,Day,Returns Desk,A3038,Amit Yadav,6,0,19.0,82.0,34.5,0.0
2025-10-07,Bengaluru,Day,Voice Frontline,A3023,Rahul Khanna,5,1,27.0,167.60000000000002,70.6,0.2
2025-10-07,Bengaluru,Day,Voice Frontline,A3026,Lakshmi Qureshi,8,0,21.5,68.89999999999999,34.75,0.0
2025-10-07,Bengaluru,Morning,Billing,A3033,Amit Kulkarni,6,0,22.0,199.0,74.66666666666667,0.0
2025-10-07,Bengaluru,Morning,Billing,A3035,Rohit Mukherjee,7,3,53.0,1218.8000000000006,478.57142857142856,0.42857142857142855
2025-10-07,Bengaluru,Morning,Chat Frontline,A3005,Sameer Joshi,4,1,13.0,223.00000000000006,84.75,0.25
2025-10-07,Bengaluru,Morning,Chat Frontline,A3007,Neha Gaikwad,3,0,3.0,7.0,4.333333333333333,0.0
2025-10-07,Bengaluru,Morning,Chat Frontline,A3009,Ramesh Patel,7,4,202.0,472.4,228.0,0.5714285714285714
2025-10-07,Bengaluru,Morning,Chat Frontline,A3014,Diya Patil,3,1,6.0,297.20000000000005,126.33333333333333,0.3333333333333333
2025-10-07,Bengaluru,Morning,Email Frontline,A3018,Farah Sheikh,11,2,140.0,585.0,228.54545454545453,0.18181818181818182
2025-10-07,Bengaluru,Morning,Email Frontline,A3019,Sai Sandhu,5,0,321.0,463.6,285.6,0.0
2025-10-07,Bengaluru,Morning,Escalations & Warranty,A3039,Riya Gaikwad,4,2,368.5,489.4,319.0,0.5
2025-10-07,Bengaluru,Morning,Escalations & Warranty,A3043,Rohit Jain,5,2,259.0,387.8,235.0,0.4
2025-10-07,Bengaluru,Morning,Logistics,A3031,Om Malhotra,9,2,131.0,491.40000000000003,225.0,0.2222222222222222
2025-10-07,Bengaluru,Morning,Returns Desk,A3037,Rahul Sen,6,1,105.0,618.5,248.16666666666666,0.16666666666666666
2025-10-07,Bengaluru,Morning,Voice Frontline,A3024,Kunal Khanna,1,0,17.0,17.0,17.0,0.0
2025-10-07,Bengaluru,Morning,Voice Frontline,A3025,Lobsang Rao,2,0,13.5,16.3,13.5,0.0
2025-10-07,Indore,Day,Chat Frontline,A3002,Tarun Mishra,2,1,15.5,24.7,15.5,0.5
2025-10-07,Indore,Day,Chat Frontline,A3003,Harpreet Deshpande,3,1,17.0,163.4,72.33333333333333,0.3333333333333333
2025-10-07,Indore,Day,Logistics,A3027,Dev Chatterjee,6,0,28.0,146.0,58.833333333333336,0.0
2025-10-07,Indore,Morning,Billing,A3032,Aadhya Sheikh,9,4,29.0,556.0000000000001,221.88888888888889,0.4444444444444444
2025-10-07,Indore,Morning,Chat Frontline,A3010,Neha Chatterjee,2,0,1.5,1.9,1.5,0.0
2025-10-07,Indore,Morning,Chat Frontline,A3011,Karan Roy,2,0,5.5,5.9,5.5,0.0
2025-10-07,Indore,Morning,Chat Frontline,A3013,Ritika Chatterjee,4,3,94.5,299.0,139.5,0.75
2025-10-07,Indore,Morning,Logistics,A3028,Krishna Kaur,10,4,268.5,390.79999999999995,233.2,0.4
2025-10-14,Bengaluru,Day,Billing,A3034,Thomas Patel,14,1,15.5,62.100000000000016,23.071428571428573,0.07142857142857142
2025-10-14,Bengaluru,Day,Chat Frontline,A3004,Krishna Naidu,2,0,1.0,1.0,1.0,0.0
2025-10-14,Bengaluru,Day,Chat Frontline,A3006,Lakshmi Reddy,3,0,17.0,85.80000000000001,40.666666666666664,0.0
2025-10-14,Bengaluru,Day,Chat Frontline,A3012,Lakshmi Sethi,6,1,6.5,339.5,116.5,0.16666666666666666
2025-10-14,Bengaluru,Day,Chat Frontline,A3015,Yash Agarwal,4,0,25.0,128.3,55.0,0.0
2025-10-14,Bengaluru,Day,Email Frontline,A3020,Ramesh Ghosh,4,0,206.5,279.8,211.25,0.0
2025-10-14,Bengaluru,Day,Email Frontline,A3021,Aditya Dhillon,5,1,89.0,442.20000000000005,183.8,0.2
2025-10-14,Bengaluru,Day,Email Frontline,A3022,Steven Tiwari,6,0,91.0,211.5,108.33333333333333,0.0
2025-10-14,Bengaluru,Day,Logistics,A3029,Rajat Iyer,6,0,36.0,62.0,34.166666666666664,0.0
2025-10-14,Bengaluru,Day,Logistics,A3030,Sunita Srivastava,5,1,97.0,322.20000000000005,145.4,0.2
2025-10-14,Bengaluru,Day,Returns Desk,A3036,Rohit Shinde,3,1,144.0,181.6,121.66666666666667,0.3333333333333333
2025-10-14,Bengaluru,Day,Returns Desk,A3038,Amit Yadav,4,0,50.0,243.30000000000004,104.5,0.0
2025-10-14,Bengaluru,Day,Voice Frontline,A3023,Rahul Khanna,4,0,25.5,51.7,32.0,0.0
2025-10-14,Bengaluru,Day,Voice Frontline,A3026,Lakshmi Qureshi,3,0,41.0,48.2,32.333333333333336,0.0
2025-10-14,Bengaluru,Morning,Billing,A3033,Amit Kulkarni,7,2,144.0,818.4000000000003,354.2857142857143,0.2857142857142857
2025-10-14,Bengaluru,Morning,Billing,A3035,Rohit Mukherjee,10,4,136.5,489.5,208.4,0.4
2025-10-14,Bengaluru,Morning,Chat Frontline,A3005,Sameer Joshi,6,2,56.5,318.5,126.66666666666667,0.3333333333333333
2025-10-14,Bengaluru,Morning,Chat Frontline,A3007,Neha Gaikwad,9,1,7.0,240.20000000000002,70.55555555555556,0.1111111111111111
2025-10-14,Bengaluru,Morning,Chat Frontline,A3009,Ramesh Patel,3,2,118.0,438.8,213.0,0.6666666666666666
2025-10-14,Bengaluru,Morning,Chat Frontline,A3014,Diya Patil,3,2,463.0,474.2,314.6666666666667,0.6666666666666666
2025-10-14,Bengaluru,Morning,Email Frontline,A3018,Farah Sheikh,12,4,255.5,554.2,326.0,0.3333333333333333
2025-10-14,Bengaluru,Morning,Email Frontline,A3019,Sai Sandhu,7,2,317.0,547.8000000000001,321.2857142857143,0.2857142857142857
2025-10-14,Bengaluru,Morning,Escalations & Warranty,A3039,Riya Gaikwad,2,1,63.0,110.2,63.0,0.5
2025-10-14,Bengaluru,Morning,Escalations & Warranty,A3043,Rohit Jain,4,1,308.5,554.7,317.0,0.25
2025-10-14,Bengaluru,Morning,Logistics,A3031,Om Malhotra,9,4,242.0,821.2,367.3333333333333,0.4444444444444444
2025-10-14,Bengaluru,Morning,Returns Desk,A3037,Rahul Sen,13,4,145.0,506.20000000000005,232.92307692307693,0.3076923076923077
2025-10-14,Bengaluru,Morning,Voice Frontline,A3024,Kunal Khanna,1,0,67.0,67.0,67.0,0.0
2025-10-14,Indore,Day,Chat Frontline,A3002,Tarun Mishra,3,0,13.0,58.6,29.0,0.0
2025-10-14,Indore,Day,Chat Frontline,A3003,Harpreet Deshpande,7,0,3.0,120.20000000000005,40.57142857142857,0.0
2025-10-14,Indore,Day,Escalations & Warranty,A3041,Riya Fernandes,1,0,13.0,13.0,13.0,0.0
2025-10-14,Indore,Day,Logistics,A3027,Dev Chatterjee,10,2,121.5,421.9,156.3,0.2
2025-10-14,Indore,Morning,Billing,A3032,Aadhya Sheikh,8,4,12.0,518.1999999999999,144.875,0.5
2025-10-14,Indore,Morning,Chat Frontline,A3008,Steven Kaur,3,2,101.0,382.6,186.33333333333334,0.6666666666666666
2025-10-14,Indore,Morning,Chat Frontline,A3010,Neha Chatterjee,6,4,163.0,514.5,242.83333333333334,0.6666666666666666
2025-10-14,Indore,Morning,Chat Frontline,A3011,Karan Roy,3,3,417.0,501.8,419.3333333333333,1.0
2025-10-14,Indore,Morning,Chat Frontline,A3013,Ritika Chatterjee,6,2,6.0,490.5,165.83333333333334,0.3333333333333333
2025-10-14,Indore,Morning,Logistics,A3028,Krishna Kaur,13,3,9.0,590.2,189.30769230769232,0.23076923076923078
2025-10-21,Bengaluru,Day,Billing,A3034,Thomas Patel,9,0,59.0,200.4,89.44444444444444,0.0
2025-10-21,Bengaluru,Day,Chat Frontline,A3004,Krishna Naidu,3,0,5.0,9.8,6.0,0.0
2025-10-21,Bengaluru,Day,Chat Frontline,A3006,Lakshmi Reddy,3,0,4.0,48.0,21.0,0.0
2025-10-21,Bengaluru,Day,Chat Frontline,A3012,Lakshmi Sethi,5,0,10.0,46.60000000000001,19.2,0.0
2025-10-21,Bengaluru,Day,Chat Frontline,A3015,Yash Agarwal,3,1,9.0,16.2,9.333333333333334,0.3333333333333333
2025-10-21,Bengaluru,Day,Email Frontline,A3020,Ramesh Ghosh,3,1,343.0,932.6,584.0,0.3333333333333333
2025-10-21,Bengaluru,Day,Email Frontline,A3021,Aditya Dhillon,5,0,256.0,385.6,242.0,0.0
2025-10-21,Bengaluru,Day,Email Frontline,A3022,Steven Tiwari,5,1,119.0,416.6,201.2,0.2
2025-10-21,Bengaluru,Day,Escalations & Warranty,A3040,Thomas Arora,2,1,292.0,521.6,292.0,0.5
2025-10-21,Bengaluru,Day,Escalations & Warranty,A3044,Kunal Malhotra,3,0,9.0,70.60000000000001,32.333333333333336,0.0
2025-10-21,Bengaluru,Day,Logistics,A3029,Rajat Iyer,6,1,152.5,1727.0,640.3333333333334,0.16666666666666666
2025-10-21,Bengaluru,Day,Logistics,A3030,Sunita Srivastava,5,2,241.0,473.6,237.4,0.4
2025-10-21,Bengaluru,Day,Returns Desk,A3036,Rohit Shinde,4,1,14.0,22.6,14.25,0.25
2025-10-21,Bengaluru,Day,Returns Desk,A3038,Amit Yadav,2,1,85.5,125.9,85.5,0.5
2025-10-21,Bengaluru,Day,Voice Frontline,A3023,Rahul Khanna,3,0,39.0,39.8,34.333333333333336,0.0
2025-10-21,Bengaluru,Day,Voice Frontline,A3026,Lakshmi Qureshi,1,0,57.0,57.0,57.0,0.0
2025-10-21,Bengaluru,Morning,Billing,A3033,Amit Kulkarni,3,2,500.0,836.0,497.3333333333333,0.6666666666666666
2025-10-21,Bengaluru,Morning,Billing,A3035,Rohit Mukherjee,5,1,78.0,528.4000000000001,211.4,0.2
2025-10-21,Bengaluru,Morning,Chat Frontline,A3005,Sameer Joshi,1,0,11.0,11.0,11.0,0.0
2025-10-21,Bengaluru,Morning,Chat Frontline,A3007,Neha Gaikwad,5,2,10.0,157.20000000000002,60.0,0.4
2025-10-21,Bengaluru,Morning,Chat Frontline,A3009,Ramesh Patel,4,0,33.0,119.30000000000001,53.5,0.0
2025-10-21,Bengaluru,Morning,Chat Frontline,A3014,Diya Patil,2,1,393.5,465.9,393.5,0.5
2025-10-21,Bengaluru,Morning,Email Frontline,A3018,Farah Sheikh,16,3,373.0,506.5,308.3125,0.1875
2025-10-21,Bengaluru,Morning,Email Frontline,A3019,Sai Sandhu,13,5,303.0,542.8,425.2307692307692,0.38461538461538464
2025-10-21,Bengaluru,Morning,Escalations & Warranty,A3039,Riya Gaikwad,2,0,88.5,110.5,88.5,0.0
2025-10-21,Bengaluru,Morning,Escalations & Warranty,A3043,Rohit Jain,2,1,277.5,375.5,277.5,0.5
2025-10-21,Bengaluru,Morning,Logistics,A3031,Om Malhotra,10,3,64.5,320.49999999999994,116.5,0.3
2025-10-21,Bengaluru,Morning,Returns Desk,A3037,Rahul Sen,16,6,149.0,440.5,189.6875,0.375
2025-10-21,Bengaluru,Morning,Voice Frontline,A3024,Kunal Khanna,4,0,43.0,60.5,40.0,0.0
2025-10-21,Bengaluru,Morning,Voice Frontline,A3025,Lobsang Rao,7,0,30.0,40.0,30.285714285714285,0.0
2025-10-21,Indore,Day,Chat Frontline,A3002,Tarun Mishra,3,0,3.0,9.4,5.333333333333333,0.0
2025-10-21,Indore,Day,Chat Frontline,A3003,Harpreet Deshpande,2,0,36.0,57.6,36.0,0.0
2025-10-21,Indore,Day,Logistics,A3027,Dev Chatterjee,8,1,78.5,285.9,131.5,0.125
2025-10-21,Indore,Morning,Billing,A3032,Aadhya Sheikh,5,5,373.0,507.2,345.6,1.0
2025-10-21,Indore,Morning,Chat Frontline,A3008,Steven Kaur,3,1,20.0,64.8,35.0,0.3333333333333333
2025-10-21,Indore,Morning,Chat Frontline,A3010,Neha Chatterjee,5,4,424.0,496.0,352.2,0.8
2025-10-21,Indore,Morning,Chat Frontline,A3011,Karan Roy,4,3,424.5,471.0,337.25,0.75
2025-10-21,Indore,Morning,Chat Frontline,A3013,Ritika Chatterjee,6,6,115.5,349.5,162.66666666666666,1.0
2025-10-21,Indore,Morning,Logistics,A3028,Krishna Kaur,17,3,94.0,387.6,153.41176470588235,0.17647058823529413
2025-10-28,Bengaluru,Day,Billing,A3034,Thomas Patel,7,0,21.0,135.00000000000009,56.142857142857146,0.0
2025-10-28,Bengaluru,Day,Chat Frontline,A3004,Krishna Naidu,6,1,9.0,19.0,9.833333333333334,0.16666666666666666
2025-10-28,Bengaluru,Day,Chat Frontline,A3006,Lakshmi Reddy,6,0,3.0,8.5,4.0,0.0
2025-10-28,Bengaluru,Day,Chat Frontline,A3012,Lakshmi Sethi,2,0,2.0,2.8,2.0,0.0
2025-10-28,Bengaluru,Day,Chat Frontline,A3015,Yash Agarwal,2,0,3.0,4.6,3.0,0.0
2025-10-28,Bengaluru,Day,Email Frontline,A3020,Ramesh Ghosh,5,1,284.0,618.2,346.4,0.2
2025-10-28,Bengaluru,Day,Email Frontline,A3021,Aditya Dhillon,3,0,129.0,188.2,125.66666666666667,0.0
2025-10-28,Bengaluru,Day,Email Frontline,A3022,Steven Tiwari,2,0,270.0,298.0,270.0,0.0
2025-10-28,Bengaluru,Day,Escalations & Warranty,A3044,Kunal Malhotra,1,0,10.0,10.0,10.0,0.0
2025-10-28,Bengaluru,Day,Logistics,A3029,Rajat Iyer,9,0,4.0,74.40000000000002,31.22222222222222,0.0
2025-10-28,Bengaluru,Day,Logistics,A3030,Sunita Srivastava,5,0,9.0,186.0,70.0,0.0
2025-10-28,Bengaluru,Day,Returns Desk,A3036,Rohit Shinde,9,2,52.0,336.40000000000003,122.44444444444444,0.2222222222222222
2025-10-28,Bengaluru,Day,Returns Desk,A3038,Amit Yadav,4,0,40.5,303.50000000000006,121.0,0.0
2025-10-28,Bengaluru,Day,Voice Frontline,A3023,Rahul Khanna,2,0,45.0,46.6,45.0,0.0
2025-10-28,Bengaluru,Day,Voice Frontline,A3026,Lakshmi Qureshi,7,2,30.0,151.00000000000003,74.42857142857143,0.2857142857142857
2025-10-28,Bengaluru,Morning,Billing,A3033,Amit Kulkarni,8,1,45.5,431.9,131.75,0.125
2025-10-28,Bengaluru,Morning,Billing,A3035,Rohit Mukherjee,5,3,522.0,808.8000000000001,514.2,0.6
2025-10-28,Bengaluru,Morning,Chat Frontline,A3005,Sameer Joshi,1,0,2.0,2.0,2.0,0.0
2025-10-28,Bengaluru,Morning,Chat Frontline,A3007,Neha Gaikwad,3,2,19.0,244.60000000000002,108.33333333333333,0.6666666666666666
2025-10-28,Bengaluru,Morning,Chat Frontline,A3009,Ramesh Patel,5,3,331.0,511.0,269.2,0.6
2025-10-28,Bengaluru,Morning,Chat Frontline,A3014,Diya Patil,3,1,5.0,339.40000000000003,143.33333333333334,0.3333333333333333
2025-10-28,Bengaluru,Morning,Email Frontline,A3018,Farah Sheikh,7,1,129.0,457.00000000000006,220.0,0.14285714285714285
2025-10-28,Bengaluru,Morning,Email Frontline,A3019,Sai Sandhu,15,6,396.0,607.6,346.2,0.4
2025-10-28,Bengaluru,Morning,Escalations & Warranty,A3039,Riya Gaikwad,4,2,260.0,466.50000000000006,282.75,0.5
2025-10-28,Bengaluru,Morning,Escalations & Warranty,A3043,Rohit Jain,3,1,118.0,398.0,198.33333333333334,0.3333333333333333
2025-10-28,Bengaluru,Morning,Logistics,A3031,Om Malhotra,11,4,190.0,556.0,253.63636363636363,0.36363636363636365
2025-10-28,Bengaluru,Morning,Returns Desk,A3037,Rahul Sen,13,3,24.0,414.20000000000016,115.23076923076923,0.23076923076923078
2025-10-28,Bengaluru,Morning,Voice Frontline,A3024,Kunal Khanna,4,0,50.0,58.5,43.25,0.0
2025-10-28,Bengaluru,Morning,Voice Frontline,A3025,Lobsang Rao,2,1,131.5,161.5,131.5,0.5
2025-10-28,Indore,Day,Chat Frontline,A3002,Tarun Mishra,3,0,6.0,7.6,6.0,0.0
2025-10-28,Indore,Day,Chat Frontline,A3003,Harpreet Deshpande,3,0,17.0,103.4,47.666666666666664,0.0
2025-10-28,Indore,Day,Logistics,A3027,Dev Chatterjee,6,0,26.0,78.0,36.0,0.0
2025-10-28,Indore,Morning,Billing,A3032,Aadhya Sheikh,6,3,378.5,500.0,323.8333333333333,0.5
2025-10-28,Indore,Morning,Chat Frontline,A3008,Steven Kaur,1,1,427.0,427.0,427.0,1.0
2025-10-28,Indore,Morning,Chat Frontline,A3010,Neha Chatterjee,6,4,104.5,304.0,158.83333333333334,0.6666666666666666
2025-10-28,Indore,Morning,Chat Frontline,A3013,Ritika Chatterjee,8,4,188.0,485.6,255.25,0.5
2025-10-28,Indore,Morning,Logistics,A3028,Krishna Kaur,15,4,103.0,434.8,166.4,0.26666666666666666
2025-11-04,Bengaluru,Day,Billing,A3034,Thomas Patel,8,0,13.0,112.1,42.0,0.0
2025-11-04,Bengaluru,Day,Chat Frontline,A3004,Krishna Naidu,3,0,2.0,6.0,3.3333333333333335,0.0
2025-11-04,Bengaluru,Day,Chat Frontline,A3006,Lakshmi Reddy,8,1,8.0,47.2,16.5,0.125
2025-11-04,Bengaluru,Day,Chat Frontline,A3012,Lakshmi Sethi,2,0,2.5,2.9,2.5,0.0
2025-11-04,Bengaluru,Day,Chat Frontline,A3015,Yash Agarwal,4,0,2.0,11.400000000000002,4.75,0.0
2025-11-04,Bengaluru,Day,Email Frontline,A3020,Ramesh Ghosh,2,1,472.0,660.8,472.0,0.5
2025-11-04,Bengaluru,Day,Email Frontline,A3021,Aditya Dhillon,5,1,113.0,492.0,237.2,0.2
2025-11-04,Bengaluru,Day,Email Frontline,A3022,Steven Tiwari,5,2,146.0,581.8,268.0,0.4
2025-11-04,Bengaluru,Day,Escalations & Warranty,A3040,Thomas Arora,3,0,5.0,6.6,4.666666666666667,0.0
2025-11-04,Bengaluru,Day,Escalations & Warranty,A3042,Steven Chopra,1,0,1.0,1.0,1.0,0.0
2025-11-04,Bengaluru,Day,Escalations & Warranty,A3044,Kunal Malhotra,1,0,3.0,3.0,3.0,0.0
2025-11-04,Bengaluru,Day,Logistics,A3029,Rajat Iyer,6,1,7.0,262.5,90.66666666666667,0.16666666666666666
2025-11-04,Bengaluru,Day,Logistics,A3030,Sunita Srivastava,6,0,82.0,203.0,96.66666666666667,0.0
2025-11-04,Bengaluru,Day,Returns Desk,A3036,Rohit Shinde,5,1,71.0,300.20000000000005,122.2,0.2
2025-11-04,Bengaluru,Day,Returns Desk,A3038,Amit Yadav,4,0,83.0,229.60000000000002,108.75,0.0
2025-11-04,Bengaluru,Day,Voice Frontline,A3023,Rahul Khanna,2,0,29.0,41.8,29.0,0.0
2025-11-04,Bengaluru,Day,Voice Frontline,A3026,Lakshmi Qureshi,3,0,20.0,22.4,16.666666666666668,0.0
2025-11-04,Bengaluru,Morning,Billing,A3033,Amit Kulkarni,9,2,65.0,208.60000000000008,107.44444444444444,0.2222222222222222
2025-11-04,Bengaluru,Morning,Billing,A3035,Rohit Mukherjee,6,2,84.5,540.5,209.83333333333334,0.3333333333333333
2025-11-04,Bengaluru,Morning,Chat Frontline,A3005,Sameer Joshi,5,2,69.0,319.40000000000003,147.2,0.4
2025-11-04,Bengaluru,Morning,Chat Frontline,A3007,Neha Gaikwad,7,4,128.0,441.6,203.28571428571428,0.5714285714285714
2025-11-04,Bengaluru,Morning,Chat Frontline,A3014,Diya Patil,7,4,87.0,472.0,218.0,0.5714285714285714
2025-11-04,Bengaluru,Morning,Email Frontline,A3018,Farah Sheikh,10,1,189.0,449.5999999999999,239.7,0.1
2025-11-04,Bengaluru,Morning,Email Frontline,A3019,Sai Sandhu,10,4,326.0,676.9,364.4,0.4
2025-11-04,Bengaluru,Morning,Escalations & Warranty,A3039,Riya Gaikwad,6,5,471.0,554.0,430.5,0.8333333333333334
2025-11-04,Bengaluru,Morning,Escalations & Warranty,A3043,Rohit Jain,3,0,15.0,179.0,79.0,0.0
2025-11-04,Bengaluru,Morning,Logistics,A3031,Om Malhotra,10,4,121.5,614.0999999999999,276.5,0.4
2025-11-04,Bengaluru,Morning,Returns Desk,A3037,Rahul Sen,12,6,269.5,481.40000000000003,258.1666666666667,0.5
2025-11-04,Bengaluru,Morning,Voice Frontline,A3024,Kunal Khanna,2,0,36.5,50.5,36.5,0.0
2025-11-04,Bengaluru,Morning,Voice Frontline,A3025,Lobsang Rao,3,0,22.0,43.6,29.0,0.0
2025-11-04,Indore,Day,Chat Frontline,A3002,Tarun Mishra,2,0,3.0,3.0,3.0,0.0
2025-11-04,Indore,Day,Chat Frontline,A3003,Harpreet Deshpande,5,0,12.0,75.4,31.2,0.0
2025-11-04,Indore,Day,Escalations & Warranty,A3041,Riya Fernandes,1,0,53.0,53.0,53.0,0.0
2025-11-04,Indore,Day,Logistics,A3027,Dev Chatterjee,4,0,35.0,87.70000000000002,49.0,0.0
2025-11-04,Indore,Morning,Billing,A3032,Aadhya Sheikh,7,4,417.0,499.6,268.0,0.5714285714285714
2025-11-04,Indore,Morning,Chat Frontline,A3008,Steven Kaur,2,1,262.0,471.6,262.0,0.5
2025-11-04,Indore,Morning,Chat Frontline,A3010,Neha Chatterjee,5,1,6.0,342.8,126.8,0.2
2025-11-04,Indore,Morning,Chat Frontline,A3011,Karan Roy,3,1,4.0,356.0,149.66666666666666,0.3333333333333333
2025-11-04,Indore,Morning,Chat Frontline,A3013,Ritika Chatterjee,3,1,4.0,381.6,161.0,0.3333333333333333
2025-11-04,Indore,Morning,Logistics,A3028,Krishna Kaur,11,4,10.0,263.0,88.63636363636364,0.36363636363636365
2025-11-11,Bengaluru,Day,Billing,A3034,Thomas Patel,9,1,107.0,292.8,127.66666666666667,0.1111111111111111
2025-11-11,Bengaluru,Day,Chat Frontline,A3004,Krishna Naidu,3,0,5.0,13.0,7.666666666666667,0.0
2025-11-11,Bengaluru,Day,Chat Frontline,A3006,Lakshmi Reddy,4,0,4.5,7.800000000000001,5.0,0.0
2025-11-11,Bengaluru,Day,Chat Frontline,A3012,Lakshmi Sethi,6,0,6.5,46.5,18.5,0.0
2025-11-11,Bengaluru,Day,Chat Frontline,A3015,Yash Agarwal,2,0,4.0,4.8,4.0,0.0
2025-11-11,Bengaluru,Day,Email Frontline,A3020,Ramesh Ghosh,3,0,101.0,164.2,112.33333333333333,0.0
2025-11-11,Bengaluru,Day,Email Frontline,A3021,Aditya Dhillon,1,0,225.0,225.0,225.0,0.0
2025-11-11,Bengaluru,Day,Email Frontline,A3022,Steven Tiwari,2,0,150.5,214.1,150.5,0.0
2025-11-11,Bengaluru,Day,Escalations & Warranty,A3040,Thomas Arora,3,0,15.0,24.6,14.333333333333334,0.0
2025-11-11,Bengaluru,Day,Escalations & Warranty,A3042,Steven Chopra,1,0,1.0,1.0,1.0,0.0
2025-11-11,Bengaluru,Day,Escalations & Warranty,A3044,Kunal Malhotra,4,0,4.0,40.60000000000001,15.75,0.0
2025-11-11,Bengaluru,Day,Logistics,A3029,Rajat Iyer,9,1,6.0,202.8,62.666666666666664,0.1111111111111111
2025-11-11,Bengaluru,Day,Logistics,A3030,Sunita Srivastava,7,0,4.0,63.00000000000003,23.285714285714285,0.0
2025-11-11,Bengaluru,Day,Returns Desk,A3036,Rohit Shinde,5,0,17.0,149.40000000000003,56.2,0.0
2025-11-11,Bengaluru,Day,Returns Desk,A3038,Amit Yadav,4,0,12.0,117.90000000000003,48.25,0.0
2025-11-11,Bengaluru,Day,Voice Frontline,A3023,Rahul Khanna,4,0,30.5,42.900000000000006,34.5,0.0
2025-11-11,Bengaluru,Day,Voice Frontline,A3026,Lakshmi Qureshi,4,0,63.0,96.60000000000001,63.25,0.0
2025-11-11,Bengaluru,Morning,Billing,A3033,Amit Kulkarni,8,5,304.0,573.9,311.0,0.625
2025-11-11,Bengaluru,Morning,Billing,A3035,Rohit Mukherjee,4,2,218.0,464.5,228.75,0.5
2025-11-11,Bengaluru,Morning,Chat Frontline,A3005,Sameer Joshi,5,2,28.0,426.40000000000003,171.2,0.4
2025-11-11,Bengaluru,Morning,Chat Frontline,A3007,Neha Gaikwad,3,1,14.0,393.20000000000005,170.0,0.3333333333333333
2025-11-11,Bengaluru,Morning,Chat Frontline,A3009,Ramesh Patel,7,3,17.0,347.40000000000003,124.85714285714286,0.42857142857142855
2025-11-11,Bengaluru,Morning,Chat Frontline,A3014,Diya Patil,3,2,167.0,278.2,158.66666666666666,0.6666666666666666
2025-11-11,Bengaluru,Morning,Email Frontline,A3018,Farah Sheikh,4,0,332.0,347.2,290.25,0.0
2025-11-11,Bengaluru,Morning,Email Frontline,A3019,Sai Sandhu,4,0,250.0,351.3,216.75,0.0
2025-11-11,Bengaluru,Morning,Escalations & Warranty,A3039,Riya Gaikwad,5,3,473.0,562.8,378.8,0.6
2025-11-11,Bengaluru,Morning,Escalations & Warranty,A3043,Rohit Jain,4,1,30.5,158.80000000000004,71.5,0.25
2025-11-11,Bengaluru,Morning,Logistics,A3031,Om Malhotra,11,2,61.0,430.0,127.45454545454545,0.18181818181818182
2025-11-11,Bengaluru,Morning,Returns Desk,A3037,Rahul Sen,9,3,92.0,382.20000000000005,179.77777777777777,0.3333333333333333
2025-11-11,Bengaluru,Morning,Voice Frontline,A3024,Kunal Khanna,4,1,58.5,157.40000000000003,87.5,0.25
2025-11-11,Bengaluru,Morning,Voice Frontline,A3025,Lobsang Rao,2,0,34.0,41.2,34.0,0.0
2025-11-11,Indore,Day,Chat Frontline,A3002,Tarun Mishra,3,0,1.0,3.4000000000000004,1.6666666666666667,0.0
2025-11-11,Indore,Day,Chat Frontline,A3003,Harpreet Deshpande,3,0,9.0,9.8,9.0,0.0
2025-11-11,Indore,Day,Logistics,A3027,Dev Chatterjee,6,1,41.5,76.5,42.333333333333336,0.16666666666666666
2025-11-11,Indore,Morning,Billing,A3032,Aadhya Sheikh,3,0,89.0,161.8,91.33333333333333,0.0
2025-11-11,Indore,Morning,Chat Frontline,A3008,Steven Kaur,4,1,35.5,102.30000000000001,47.0,0.25
2025-11-11,Indore,Morning,Chat Frontline,A3010,Neha Chatterjee,1,0,2.0,2.0,2.0,0.0
2025-11-11,Indore,Morning,Chat Frontline,A3011,Karan Roy,6,1,10.5,214.0,75.66666666666667,0.16666666666666666
2025-11-11,Indore,Morning,Chat Frontline,A3013,Ritika Chatterjee,2,1,193.0,344.2,193.0,0.5
2025-11-11,Indore,Morning,Logistics,A3028,Krishna Kaur,10,3,128.0,481.4,203.3,0.3
2025-11-18,Bengaluru,Day,Billing,A3034,Thomas Patel,8,1,12.5,54.399999999999984,24.125,0.125
2025-11-18,Bengaluru,Day,Chat Frontline,A3004,Krishna Naidu,6,0,3.0,87.0,30.333333333333332,0.0
2025-11-18,Bengaluru,Day,Chat Frontline,A3006,Lakshmi Reddy,3,1,11.0,15.0,9.666666666666666,0.3333333333333333
2025-11-18,Bengaluru,Day,Chat Frontline,A3012,Lakshmi Sethi,1,0,1.0,1.0,1.0,0.0
2025-11-18,Bengaluru,Day,Chat Frontline,A3015,Yash Agarwal,5,1,26.0,79.0,39.2,0.2
2025-11-18,Bengaluru,Day,Email Frontline,A3020,Ramesh Ghosh,6,0,117.5,286.0,160.0,0.0
2025-11-18,Bengaluru,Day,Email Frontline,A3021,Aditya Dhillon,5,0,148.0,273.8,175.4,0.0
2025-11-18,Bengaluru,Day,Email Frontline,A3022,Steven Tiwari,3,0,50.0,206.8,110.66666666666667,0.0
2025-11-18,Bengaluru,Day,Escalations & Warranty,A3040,Thomas Arora,1,0,73.0,73.0,73.0,0.0
2025-11-18,Bengaluru,Day,Escalations & Warranty,A3044,Kunal Malhotra,1,0,2.0,2.0,2.0,0.0
2025-11-18,Bengaluru,Day,Logistics,A3029,Rajat Iyer,2,0,7.0,7.8,7.0,0.0
2025-11-18,Bengaluru,Day,Logistics,A3030,Sunita Srivastava,6,0,77.5,208.5,107.0,0.0
2025-11-18,Bengaluru,Day,Returns Desk,A3036,Rohit Shinde,4,0,153.5,417.6,198.5,0.0
2025-11-18,Bengaluru,Day,Returns Desk,A3038,Amit Yadav,2,0,31.0,55.0,31.0,0.0
2025-11-18,Bengaluru,Day,Voice Frontline,A3023,Rahul Khanna,2,0,41.0,46.6,41.0,0.0
2025-11-18,Bengaluru,Day,Voice Frontline,A3026,Lakshmi Qureshi,4,0,56.0,76.5,59.25,0.0
2025-11-18,Bengaluru,Morning,Billing,A3033,Amit Kulkarni,4,2,85.0,380.30000000000007,171.5,0.5
2025-11-18,Bengaluru,Morning,Billing,A3035,Rohit Mukherjee,4,2,448.5,549.5,397.5,0.5
2025-11-18,Bengaluru,Morning,Chat Frontline,A3005,Sameer Joshi,2,0,37.0,59.4,37.0,0.0
2025-11-18,Bengaluru,Morning,Chat Frontline,A3007,Neha Gaikwad,5,2,2.0,216.00000000000003,75.2,0.4
2025-11-18,Bengaluru,Morning,Chat Frontline,A3009,Ramesh Patel,3,2,40.0,385.6,171.66666666666666,0.6666666666666666
2025-11-18,Bengaluru,Morning,Chat Frontline,A3014,Diya Patil,3,3,452.0,493.6,412.0,1.0
2025-11-18,Bengaluru,Morning,Email Frontline,A3018,Farah Sheikh,7,2,180.0,590.6,313.14285714285717,0.2857142857142857
2025-11-18,Bengaluru,Morning,Email Frontline,A3019,Sai Sandhu,13,3,297.0,541.4,292.6923076923077,0.23076923076923078
2025-11-18,Bengaluru,Morning,Escalations & Warranty,A3039,Riya Gaikwad,2,1,224.5,372.9,224.5,0.5
2025-11-18,Bengaluru,Morning,Escalations & Warranty,A3043,Rohit Jain,1,0,345.0,345.0,345.0,0.0
2025-11-18,Bengaluru,Morning,Logistics,A3031,Om Malhotra,12,2,43.5,413.9000000000001,112.58333333333333,0.16666666666666666
2025-11-18,Bengaluru,Morning,Returns Desk,A3037,Rahul Sen,13,6,76.0,428.0000000000002,142.69230769230768,0.46153846153846156
2025-11-18,Bengaluru,Morning,Voice Frontline,A3024,Kunal Khanna,2,1,100.0,126.4,100.0,0.5
2025-11-18,Bengaluru,Morning,Voice Frontline,A3025,Lobsang Rao,5,1,41.0,144.8,68.8,0.2
2025-11-18,Indore,Day,Chat Frontline,A3002,Tarun Mishra,2,0,4.0,5.6,4.0,0.0
2025-11-18,Indore,Day,Chat Frontline,A3003,Harpreet Deshpande,4,2,19.5,51.80000000000001,26.5,0.5
2025-11-18,Indore,Day,Logistics,A3027,Dev Chatterjee,12,1,10.5,330.20000000000005,105.0,0.08333333333333333
2025-11-18,Indore,Morning,Billing,A3032,Aadhya Sheikh,8,3,36.0,465.09999999999997,185.0,0.375
2025-11-18,Indore,Morning,Chat Frontline,A3008,Steven Kaur,3,2,473.0,509.8,331.0,0.6666666666666666
2025-11-18,Indore,Morning,Chat Frontline,A3010,Neha Chatterjee,5,3,351.0,439.0,246.0,0.6
2025-11-18,Indore,Morning,Chat Frontline,A3011,Karan Roy,4,2,49.0,332.30000000000007,134.5,0.5
2025-11-18,Indore,Morning,Chat Frontline,A3013,Ritika Chatterjee,2,1,109.0,148.2,109.0,0.5
2025-11-18,Indore,Morning,Logistics,A3028,Krishna Kaur,14,3,125.5,474.6,202.85714285714286,0.21428571428571427
2025-11-25,Bengaluru,Day,Billing,A3034,Thomas Patel,22,2,40.0,217.20000000000005,70.86363636363636,0.09090909090909091
2025-11-25,Bengaluru,Day,Chat Frontline,A3004,Krishna Naidu,3,0,1.0,1.0,1.0,0.0
2025-11-25,Bengaluru,Day,Chat Frontline,A3006,Lakshmi Reddy,3,0,7.0,279.8,119.0,0.0
2025-11-25,Bengaluru,Day,Chat Frontline,A3012,Lakshmi Sethi,3,0,8.0,13.6,9.333333333333334,0.0
2025-11-25,Bengaluru,Day,Chat Frontline,A3015,Yash Agarwal,3,0,12.0,81.60000000000001,38.333333333333336,0.0
2025-11-25,Bengaluru,Day,Email Frontline,A3020,Ramesh Ghosh,8,0,119.5,309.0,143.25,0.0
2025-11-25,Bengaluru,Day,Email Frontline,A3021,Aditya Dhillon,3,0,154.0,177.2,134.33333333333334,0.0
2025-11-25,Bengaluru,Day,Email Frontline,A3022,Steven Tiwari,5,1,209.0,493.80000000000007,249.8,0.2
2025-11-25,Bengaluru,Day,Escalations & Warranty,A3040,Thomas Arora,2,0,22.0,30.0,22.0,0.0
2025-11-25,Bengaluru,Day,Escalations & Warranty,A3042,Steven Chopra,1,0,3.0,3.0,3.0,0.0
2025-11-25,Bengaluru,Day,Escalations & Warranty,A3044,Kunal Malhotra,2,1,42.0,61.2,42.0,0.5
2025-11-25,Bengaluru,Day,Logistics,A3029,Rajat Iyer,10,1,127.0,348.99999999999994,159.6,0.1
2025-11-25,Bengaluru,Day,Logistics,A3030,Sunita Srivastava,5,0,302.0,314.6,244.2,0.0
2025-11-25,Bengaluru,Day,Returns Desk,A3036,Rohit Shinde,2,1,363.0,391.8,363.0,0.5
2025-11-25,Bengaluru,Day,Returns Desk,A3038,Amit Yadav,7,1,32.0,641.8000000000005,242.0,0.14285714285714285
2025-11-25,Bengaluru,Day,Voice Frontline,A3023,Rahul Khanna,4,0,44.0,71.7,43.0,0.0
2025-11-25,Bengaluru,Day,Voice Frontline,A3026,Lakshmi Qureshi,2,0,51.5,57.5,51.5,0.0
2025-11-25,Bengaluru,Morning,Billing,A3033,Amit Kulkarni,6,3,53.5,316.5,123.83333333333333,0.5
2025-11-25,Bengaluru,Morning,Billing,A3035,Rohit Mukherjee,8,2,95.0,525.6999999999999,187.125,0.25
2025-11-25,Bengaluru,Morning,Chat Frontline,A3005,Sameer Joshi,5,3,251.0,309.8,176.4,0.6
2025-11-25,Bengaluru,Morning,Chat Frontline,A3007,Neha Gaikwad,1,0,9.0,9.0,9.0,0.0
2025-11-25,Bengaluru,Morning,Chat Frontline,A3009,Ramesh Patel,3,1,3.0,353.40000000000003,148.0,0.3333333333333333
2025-11-25,Bengaluru,Morning,Chat Frontline,A3014,Diya Patil,5,2,157.0,487.8,246.0,0.4
2025-11-25,Bengaluru,Morning,Email Frontline,A3018,Farah Sheikh,18,7,404.0,580.7,355.6666666666667,0.3888888888888889
2025-11-25,Bengaluru,Morning,Email Frontline,A3019,Sai Sandhu,13,4,321.0,619.6,352.15384615384613,0.3076923076923077
2025-11-25,Bengaluru,Morning,Escalations & Warranty,A3039,Riya Gaikwad,6,5,474.5,491.0,387.3333333333333,0.8333333333333334
2025-11-25,Bengaluru,Morning,Escalations & Warranty,A3043,Rohit Jain,5,1,33.0,469.2,192.8,0.2
2025-11-25,Bengaluru,Morning,Logistics,A3031,Om Malhotra,12,4,49.5,424.80000000000007,148.0,0.3333333333333333
2025-11-25,Bengaluru,Morning,Returns Desk,A3037,Rahul Sen,7,3,106.0,523.6,238.42857142857142,0.42857142857142855
2025-11-25,Bengaluru,Morning,Voice Frontline,A3024,Kunal Khanna,1,0,31.0,31.0,31.0,0.0
2025-11-25,Bengaluru,Morning,Voice Frontline,A3025,Lobsang Rao,4,1,38.0,148.3,72.75,0.25
2025-11-25,Indore,Day,Chat Frontline,A3002,Tarun Mishra,8,0,2.5,8.399999999999999,4.25,0.0
2025-11-25,Indore,Day,Chat Frontline,A3003,Harpreet Deshpande,5,0,6.0,141.0,55.6,0.0
2025-11-25,Indore,Day,Escalations & Warranty,A3041,Riya Fernandes,4,0,32.5,296.20000000000005,116.0,0.0
2025-11-25,Indore,Day,Logistics,A3027,Dev Chatterjee,5,1,16.0,110.0,48.0,0.2
2025-11-25,Indore,Morning,Billing,A3032,Aadhya Sheikh,7,2,181.0,528.6,244.0,0.2857142857142857
2025-11-25,Indore,Morning,Chat Frontline,A3008,Steven Kaur,6,1,10.0,372.0,127.83333333333333,0.16666666666666666
2025-11-25,Indore,Morning,Chat Frontline,A3010,Neha Chatterjee,3,3,326.0,470.0,329.6666666666667,1.0
2025-11-25,Indore,Morning,Chat Frontline,A3011,Karan Roy,2,1,335.5,513.5,335.5,0.5
2025-11-25,Indore,Morning,Chat Frontline,A3013,Ritika Chatterjee,7,4,281.0,438.6,221.28571428571428,0.5714285714285714
2025-11-25,Indore,Morning,Logistics,A3028,Krishna Kaur,11,6,286.0,514.0,233.27272727272728,0.5454545454545454
2025-12-02,Bengaluru,Day,Billing,A3034,Thomas Patel,10,1,57.0,161.4,74.6,0.1
2025-12-02,Bengaluru,Day,Chat Frontline,A3004,Krishna Naidu,7,0,4.0,18.800000000000004,8.714285714285714,0.0
2025-12-02,Bengaluru,Day,Chat Frontline,A3006,Lakshmi Reddy,4,1,15.5,26.4,14.75,0.25
2025-12-02,Bengaluru,Day,Chat Frontline,A3012,Lakshmi Sethi,3,0,2.0,54.0,23.666666666666668,0.0
2025-12-02,Bengaluru,Day,Chat Frontline,A3015,Yash Agarwal,2,0,3.0,4.6,3.0,0.0
2025-12-02,Bengaluru,Day,Email Frontline,A3020,Ramesh Ghosh,1,0,34.0,34.0,34.0,0.0
2025-12-02,Bengaluru,Day,Email Frontline,A3021,Aditya Dhillon,8,1,103.5,419.59999999999997,189.75,0.125
2025-12-02,Bengaluru,Day,Email Frontline,A3022,Steven Tiwari,4,1,187.5,477.50000000000006,239.5,0.25
2025-12-02,Bengaluru,Day,Escalations & Warranty,A3042,Steven Chopra,4,0,90.5,232.10000000000002,114.75,0.0
2025-12-02,Bengaluru,Day,Logistics,A3029,Rajat Iyer,4,0,30.5,132.40000000000003,58.75,0.0
2025-12-02,Bengaluru,Day,Logistics,A3030,Sunita Srivastava,6,2,224.0,1102.5,449.5,0.3333333333333333
2025-12-02,Bengaluru,Day,Returns Desk,A3036,Rohit Shinde,4,0,73.0,292.40000000000003,126.5,0.0
2025-12-02,Bengaluru,Day,Returns Desk,A3038,Amit Yadav,7,1,38.0,263.8000000000001,101.42857142857143,0.14285714285714285
2025-12-02,Bengaluru,Day,Voice Frontline,A3023,Rahul Khanna,6,0,55.5,97.5,58.333333333333336,0.0
2025-12-02,Bengaluru,Day,Voice Frontline,A3026,Lakshmi Qureshi,10,0,23.0,64.69999999999999,31.3,0.0
2025-12-02,Bengaluru,Morning,Billing,A3033,Amit Kulkarni,6,5,420.5,538.5,374.6666666666667,0.8333333333333334
2025-12-02,Bengaluru,Morning,Billing,A3035,Rohit Mukherjee,6,4,345.0,485.5,287.1666666666667,0.6666666666666666
2025-12-02,Bengaluru,Morning,Chat Frontline,A3005,Sameer Joshi,4,0,5.0,10.200000000000001,6.5,0.0
2025-12-02,Bengaluru,Morning,Chat Frontline,A3007,Neha Gaikwad,6,3,36.5,451.5,164.5,0.5
2025-12-02,Bengaluru,Morning,Chat Frontline,A3009,Ramesh Patel,3,1,152.0,457.6,231.33333333333334,0.3333333333333333
2025-12-02,Bengaluru,Morning,Chat Frontline,A3014,Diya Patil,4,1,4.0,229.00000000000006,83.5,0.25
2025-12-02,Bengaluru,Morning,Email Frontline,A3018,Farah Sheikh,6,2,237.5,601.5,304.8333333333333,0.3333333333333333
2025-12-02,Bengaluru,Morning,Email Frontline,A3019,Sai Sandhu,11,5,475.0,557.0,433.90909090909093,0.45454545454545453
2025-12-02,Bengaluru,Morning,Escalations & Warranty,A3039,Riya Gaikwad,2,1,318.5,483.7,318.5,0.5
2025-12-02,Bengaluru,Morning,Escalations & Warranty,A3043,Rohit Jain,5,2,69.0,547.0,236.8,0.4
2025-12-02,Bengaluru,Morning,Logistics,A3031,Om Malhotra,7,3,207.0,532.8000000000001,288.42857142857144,0.42857142857142855
2025-12-02,Bengaluru,Morning,Returns Desk,A3037,Rahul Sen,11,5,135.0,762.0,333.0,0.45454545454545453
2025-12-02,Bengaluru,Morning,Voice Frontline,A3024,Kunal Khanna,3,0,80.0,96.0,73.33333333333333,0.0
2025-12-02,Bengaluru,Morning,Voice Frontline,A3025,Lobsang Rao,1,0,19.0,19.0,19.0,0.0
2025-12-02,Indore,Day,Chat Frontline,A3002,Tarun Mishra,2,0,2.0,2.8,2.0,0.0
2025-12-02,Indore,Day,Chat Frontline,A3003,Harpreet Deshpande,4,1,5.0,420.4000000000001,152.75,0.25
2025-12-02,Indore,Day,Escalations & Warranty,A3041,Riya Fernandes,1,0,4.0,4.0,4.0,0.0
2025-12-02,Indore,Day,Logistics,A3027,Dev Chatterjee,8,2,184.0,383.29999999999995,203.75,0.25
2025-12-02,Indore,Morning,Billing,A3032,Aadhya Sheikh,10,3,155.0,633.5999999999999,255.6,0.3
2025-12-02,Indore,Morning,Chat Frontline,A3008,Steven Kaur,5,2,67.0,263.20000000000005,118.8,0.4
2025-12-02,Indore,Morning,Chat Frontline,A3010,Neha Chatterjee,5,5,482.0,547.2,411.4,1.0
2025-12-02,Indore,Morning,Chat Frontline,A3011,Karan Roy,3,0,3.0,12.600000000000001,6.666666666666667,0.0
2025-12-02,Indore,Morning,Chat Frontline,A3013,Ritika Chatterjee,4,2,110.0,313.6,155.25,0.5
2025-12-02,Indore,Morning,Logistics,A3028,Krishna Kaur,15,5,205.0,484.4,231.86666666666667,0.3333333333333333
2025-12-09,Bengaluru,Day,Billing,A3034,Thomas Patel,11,3,24.0,488.0,162.1818181818182,0.2727272727272727
2025-12-09,Bengaluru,Day,Chat Frontline,A3004,Krishna Naidu,1,0,6.0,6.0,6.0,0.0
2025-12-09,Bengaluru,Day,Chat Frontline,A3006,Lakshmi Reddy,3,0,6.0,48.400000000000006,23.666666666666668,0.0
2025-12-09,Bengaluru,Day,Chat Frontline,A3012,Lakshmi Sethi,3,1,11.0,21.4,12.333333333333334,0.3333333333333333
2025-12-09,Bengaluru,Day,Chat Frontline,A3015,Yash Agarwal,2,1,21.0,34.6,21.0,0.5
2025-12-09,Bengaluru,Day,Email Frontline,A3020,Ramesh Ghosh,8,0,107.5,266.4,144.0,0.0
2025-12-09,Bengaluru,Day,Email Frontline,A3021,Aditya Dhillon,4,0,43.5,102.9,52.5,0.0
2025-12-09,Bengaluru,Day,Email Frontline,A3022,Steven Tiwari,7,1,181.0,366.00000000000006,210.0,0.14285714285714285
2025-12-09,Bengaluru,Day,Escalations & Warranty,A3040,Thomas Arora,4,1,32.0,370.20000000000005,147.0,0.25
2025-12-09,Bengaluru,Day,Logistics,A3029,Rajat Iyer,5,0,5.0,104.80000000000001,40.6,0.0
2025-12-09,Bengaluru,Day,Logistics,A3030,Sunita Srivastava,7,0,5.0,34.6,13.714285714285714,0.0
2025-12-09,Bengaluru,Day,Returns Desk,A3036,Rohit Shinde,8,1,17.5,119.99999999999999,45.25,0.125
2025-12-09,Bengaluru,Day,Returns Desk,A3038,Amit Yadav,4,0,69.5,238.90000000000003,115.0,0.0
2025-12-09,Bengaluru,Day,Voice Frontline,A3023,Rahul Khanna,1,0,84.0,84.0,84.0,0.0
2025-12-09,Bengaluru,Day,Voice Frontline,A3026,Lakshmi Qureshi,3,0,37.0,40.2,29.0,0.0
2025-12-09,Bengaluru,Morning,Billing,A3033,Amit Kulkarni,5,4,493.0,570.8,381.2,0.8
2025-12-09,Bengaluru,Morning,Billing,A3035,Rohit Mukherjee,8,2,56.0,391.5,136.125,0.25
2025-12-09,Bengaluru,Morning,Chat Frontline,A3005,Sameer Joshi,2,2,246.0,430.0,246.0,1.0
2025-12-09,Bengaluru,Morning,Chat Frontline,A3007,Neha Gaikwad,5,3,139.0,426.0,193.2,0.6
2025-12-09,Bengaluru,Morning,Chat Frontline,A3009,Ramesh Patel,5,2,24.0,366.0,134.8,0.4
2025-12-09,Bengaluru,Morning,Chat Frontline,A3014,Diya Patil,5,2,10.0,454.2,178.6,0.4
2025-12-09,Bengaluru,Morning,Email Frontline,A3018,Farah Sheikh,10,1,228.5,471.7,269.0,0.1
2025-12-09,Bengaluru,Morning,Email Frontline,A3019,Sai Sandhu,9,2,202.0,629.8000000000001,281.6666666666667,0.2222222222222222
2025-12-09,Bengaluru,Morning,Escalations & Warranty,A3039,Riya Gaikwad,2,1,137.5,157.9,137.5,0.5
2025-12-09,Bengaluru,Morning,Escalations & Warranty,A3043,Rohit Jain,2,0,27.0,48.6,27.0,0.0
2025-12-09,Bengaluru,Morning,Logistics,A3031,Om Malhotra,7,3,44.0,566.6,229.57142857142858,0.42857142857142855
2025-12-09,Bengaluru,Morning,Returns Desk,A3037,Rahul Sen,9,2,130.0,351.6,163.88888888888889,0.2222222222222222
2025-12-09,Bengaluru,Morning,Voice Frontline,A3024,Kunal Khanna,3,0,14.0,15.6,12.333333333333334,0.0
2025-12-09,Bengaluru,Morning,Voice Frontline,A3025,Lobsang Rao,3,1,50.0,114.0,67.0,0.3333333333333333
2025-12-09,Indore,Day,Chat Frontline,A3002,Tarun Mishra,3,1,11.0,23.8,13.0,0.3333333333333333
2025-12-09,Indore,Day,Chat Frontline,A3003,Harpreet Deshpande,3,0,2.0,6.800000000000001,4.0,0.0
2025-12-09,Indore,Day,Escalations & Warranty,A3041,Riya Fernandes,2,0,9.0,13.0,9.0,0.0
2025-12-09,Indore,Day,Logistics,A3027,Dev Chatterjee,6,0,156.0,330.0,162.66666666666666,0.0
2025-12-09,Indore,Morning,Billing,A3032,Aadhya Sheikh,5,1,10.0,583.0,202.2,0.2
2025-12-09,Indore,Morning,Chat Frontline,A3008,Steven Kaur,1,0,3.0,3.0,3.0,0.0
2025-12-09,Indore,Morning,Chat Frontline,A3010,Neha Chatterjee,5,3,123.0,471.4,215.0,0.6
2025-12-09,Indore,Morning,Chat Frontline,A3011,Karan Roy,6,3,128.0,385.5,171.66666666666666,0.5
2025-12-09,Indore,Morning,Chat Frontline,A3013,Ritika Chatterjee,5,2,3.0,403.4,161.2,0.4
2025-12-09,Indore,Morning,Logistics,A3028,Krishna Kaur,4,1,107.0,354.00000000000006,181.0,0.25
2025-12-16,Bengaluru,Day,Billing,A3034,Thomas Patel,6,0,70.5,270.5,120.16666666666667,0.0
2025-12-16,Bengaluru,Day,Chat Frontline,A3004,Krishna Naidu,2,0,2.5,2.9,2.5,0.0
2025-12-16,Bengaluru,Day,Chat Frontline,A3006,Lakshmi Reddy,3,0,3.0,5.4,4.0,0.0
2025-12-16,Bengaluru,Day,Chat Frontline,A3012,Lakshmi Sethi,4,0,7.0,13.4,7.25,0.0
2025-12-16,Bengaluru,Day,Chat Frontline,A3015,Yash Agarwal,6,0,2.0,6.5,3.0,0.0
2025-12-16,Bengaluru,Day,Email Frontline,A3020,Ramesh Ghosh,3,0,117.0,160.2,128.33333333333334,0.0
2025-12-16,Bengaluru,Day,Email Frontline,A3021,Aditya Dhillon,7,0,105.0,342.00000000000006,171.28571428571428,0.0
2025-12-16,Bengaluru,Day,Email Frontline,A3022,Steven Tiwari,1,0,185.0,185.0,185.0,0.0
2025-12-16,Bengaluru,Day,Escalations & Warranty,A3040,Thomas Arora,2,1,83.0,143.0,83.0,0.5
2025-12-16,Bengaluru,Day,Escalations & Warranty,A3042,Steven Chopra,1,0,5.0,5.0,5.0,0.0
2025-12-16,Bengaluru,Day,Escalations & Warranty,A3044,Kunal Malhotra,1,1,20.0,20.0,20.0,1.0
2025-12-16,Bengaluru,Day,Logistics,A3029,Rajat Iyer,3,0,1.0,4.2,2.3333333333333335,0.0
2025-12-16,Bengaluru,Day,Logistics,A3030,Sunita Srivastava,7,0,8.0,100.40000000000005,36.0,0.0
2025-12-16,Bengaluru,Day,Returns Desk,A3036,Rohit Shinde,3,0,32.0,48.8,30.666666666666668,0.0
2025-12-16,Bengaluru,Day,Returns Desk,A3038,Amit Yadav,2,0,110.5,170.9,110.5,0.0
2025-12-16,Bengaluru,Day,Voice Frontline,A3023,Rahul Khanna,4,0,67.0,83.80000000000001,68.0,0.0
2025-12-16,Bengaluru,Day,Voice Frontline,A3026,Lakshmi Qureshi,2,0,89.5,100.3,89.5,0.0
2025-12-16,Bengaluru,Morning,Billing,A3033,Amit Kulkarni,2,2,377.0,398.6,377.0,1.0
2025-12-16,Bengaluru,Morning,Billing,A3035,Rohit Mukherjee,3,0,118.0,151.6,109.0,0.0
2025-12-16,Bengaluru,Morning,Chat Frontline,A3005,Sameer Joshi,4,0,3.0,6.800000000000001,3.75,0.0
2025-12-16,Bengaluru,Morning,Chat Frontline,A3007,Neha Gaikwad,4,1,49.0,350.6000000000001,142.75,0.25
2025-12-16,Bengaluru,Morning,Chat Frontline,A3009,Ramesh Patel,3,2,412.0,456.0,307.6666666666667,0.6666666666666666
2025-12-16,Bengaluru,Morning,Chat Frontline,A3014,Diya Patil,1,0,1.0,1.0,1.0,0.0
2025-12-16,Bengaluru,Morning,Email Frontline,A3018,Farah Sheikh,14,4,389.0,634.3000000000001,377.64285714285717,0.2857142857142857
2025-12-16,Bengaluru,Morning,Email Frontline,A3019,Sai Sandhu,9,3,375.0,527.0,336.8888888888889,0.3333333333333333
2025-12-16,Bengaluru,Morning,Escalations & Warranty,A3039,Riya Gaikwad,4,1,236.5,502.0,275.75,0.25
2025-12-16,Bengaluru,Morning,Escalations & Warranty,A3043,Rohit Jain,4,1,41.5,388.70000000000005,151.5,0.25
2025-12-16,Bengaluru,Morning,Logistics,A3031,Om Malhotra,14,3,195.5,503.4000000000001,228.71428571428572,0.21428571428571427
2025-12-16,Bengaluru,Morning,Returns Desk,A3037,Rahul Sen,13,3,52.0,500.2,199.23076923076923,0.23076923076923078
2025-12-16,Bengaluru,Morning,Voice Frontline,A3024,Kunal Khanna,2,0,40.5,57.7,40.5,0.0
2025-12-16,Bengaluru,Morning,Voice Frontline,A3025,Lobsang Rao,1,0,22.0,22.0,22.0,0.0
2025-12-16,Indore,Day,Chat Frontline,A3002,Tarun Mishra,3,0,3.0,8.6,4.333333333333333,0.0
2025-12-16,Indore,Day,Chat Frontline,A3003,Harpreet Deshpande,5,0,6.0,104.0,40.4,0.0
2025-12-16,Indore,Day,Escalations & Warranty,A3041,Riya Fernandes,2,1,268.5,483.3,268.5,0.5
2025-12-16,Indore,Day,Logistics,A3027,Dev Chatterjee,5,0,10.0,83.60000000000001,33.8,0.0
2025-12-16,Indore,Morning,Billing,A3032,Aadhya Sheikh,7,2,113.0,408.80000000000007,177.14285714285714,0.2857142857142857
2025-12-16,Indore,Morning,Chat Frontline,A3008,Steven Kaur,5,3,148.0,478.2,252.6,0.6
2025-12-16,Indore,Morning,Chat Frontline,A3010,Neha Chatterjee,5,2,7.0,323.40000000000003,111.2,0.4
2025-12-16,Indore,Morning,Chat Frontline,A3011,Karan Roy,3,1,6.0,14.0,8.333333333333334,0.3333333333333333
2025-12-16,Indore,Morning,Chat Frontline,A3013,Ritika Chatterjee,5,1,12.0,99.80000000000001,40.0,0.2
2025-12-16,Indore,Morning,Logistics,A3028,Krishna Kaur,8,2,21.0,259.8999999999999,105.25,0.25
2025-12-23,Bengaluru,Day,Billing,A3034,Thomas Patel,10,1,28.5,85.2,37.2,0.1
2025-12-23,Bengaluru,Day,Chat Frontline,A3004,Krishna Naidu,4,0,28.5,46.4,26.25,0.0
2025-12-23,Bengaluru,Day,Chat Frontline,A3006,Lakshmi Reddy,4,0,8.5,62.40000000000001,25.75,0.0
2025-12-23,Bengaluru,Day,Chat Frontline,A3012,Lakshmi Sethi,4,0,4.0,7.1000000000000005,4.25,0.0
2025-12-23,Bengaluru,Day,Chat Frontline,A3015,Yash Agarwal,2,0,4.0,4.8,4.0,0.0
2025-12-23,Bengaluru,Day,Email Frontline,A3020,Ramesh Ghosh,1,0,282.0,282.0,282.0,0.0
2025-12-23,Bengaluru,Day,Email Frontline,A3021,Aditya Dhillon,7,0,129.0,196.40000000000003,107.0,0.0
2025-12-23,Bengaluru,Day,Email Frontline,A3022,Steven Tiwari,3,0,274.0,429.2,309.0,0.0
2025-12-23,Bengaluru,Day,Escalations & Warranty,A3042,Steven Chopra,2,0,37.5,54.7,37.5,0.0
2025-12-23,Bengaluru,Day,Escalations & Warranty,A3044,Kunal Malhotra,2,0,5.5,9.1,5.5,0.0
2025-12-23,Bengaluru,Day,Logistics,A3029,Rajat Iyer,4,0,37.0,52.6,34.5,0.0
2025-12-23,Bengaluru,Day,Logistics,A3030,Sunita Srivastava,3,1,372.0,450.4,281.0,0.3333333333333333
2025-12-23,Bengaluru,Day,Returns Desk,A3036,Rohit Shinde,6,0,53.0,217.5,100.5,0.0
2025-12-23,Bengaluru,Day,Returns Desk,A3038,Amit Yadav,5,0,5.0,8.4,5.8,0.0
2025-12-23,Bengaluru,Day,Voice Frontline,A3023,Rahul Khanna,1,0,33.0,33.0,33.0,0.0
2025-12-23,Bengaluru,Day,Voice Frontline,A3026,Lakshmi Qureshi,6,0,33.5,82.0,42.666666666666664,0.0
2025-12-23,Bengaluru,Morning,Billing,A3033,Amit Kulkarni,6,1,54.5,289.5,115.33333333333333,0.16666666666666666
2025-12-23,Bengaluru,Morning,Billing,A3035,Rohit Mukherjee,6,1,7.5,611.0,207.33333333333334,0.16666666666666666
2025-12-23,Bengaluru,Morning,Chat Frontline,A3005,Sameer Joshi,5,1,60.0,466.0,185.8,0.2
2025-12-23,Bengaluru,Morning,Chat Frontline,A3007,Neha Gaikwad,5,3,454.0,496.0,291.8,0.6
2025-12-23,Bengaluru,Morning,Chat Frontline,A3009,Ramesh Patel,4,2,9.0,364.9000000000001,133.25,0.5
2025-12-23,Bengaluru,Morning,Chat Frontline,A3014,Diya Patil,4,3,435.5,501.0,409.5,0.75
2025-12-23,Bengaluru,Morning,Email Frontline,A3018,Farah Sheikh,9,3,393.0,544.4,323.8888888888889,0.3333333333333333
2025-12-23,Bengaluru,Morning,Email Frontline,A3019,Sai Sandhu,8,1,290.0,488.0,307.625,0.125
2025-12-23,Bengaluru,Morning,Escalations & Warranty,A3039,Riya Gaikwad,3,2,442.0,505.2,336.0,0.6666666666666666
2025-12-23,Bengaluru,Morning,Escalations & Warranty,A3043,Rohit Jain,4,1,3.5,384.4000000000001,138.75,0.25
2025-12-23,Bengaluru,Morning,Logistics,A3031,Om Malhotra,8,4,351.0,491.4,270.625,0.5
2025-12-23,Bengaluru,Morning,Returns Desk,A3037,Rahul Sen,15,3,69.0,473.2,215.46666666666667,0.2
2025-12-23,Bengaluru,Morning,Voice Frontline,A3024,Kunal Khanna,3,1,60.0,156.0,89.33333333333333,0.3333333333333333
2025-12-23,Bengaluru,Morning,Voice Frontline,A3025,Lobsang Rao,3,0,55.0,70.2,50.333333333333336,0.0
2025-12-23,Indore,Day,Chat Frontline,A3002,Tarun Mishra,3,0,4.0,10.4,6.333333333333333,0.0
2025-12-23,Indore,Day,Chat Frontline,A3003,Harpreet Deshpande,2,1,23.0,39.0,23.0,0.5
2025-12-23,Indore,Day,Logistics,A3027,Dev Chatterjee,2,0,100.0,180.0,100.0,0.0
2025-12-23,Indore,Morning,Billing,A3032,Aadhya Sheikh,8,3,92.0,273.8999999999999,138.125,0.375
2025-12-23,Indore,Morning,Chat Frontline,A3008,Steven Kaur,5,2,6.0,433.0,174.0,0.4
2025-12-23,Indore,Morning,Chat Frontline,A3010,Neha Chatterjee,3,3,498.0,1249.2,792.6666666666666,1.0
2025-12-23,Indore,Morning,Chat Frontline,A3011,Karan Roy,3,0,7.0,11.0,8.333333333333334,0.0
2025-12-23,Indore,Morning,Chat Frontline,A3013,Ritika Chatterjee,3,1,320.0,452.0,309.3333333333333,0.3333333333333333
2025-12-23,Indore,Morning,Logistics,A3028,Krishna Kaur,7,3,182.0,507.4,259.0,0.42857142857142855
2025-12-30,Bengaluru,Day,Billing,A3034,Thomas Patel,7,1,24.0,138.8,60.285714285714285,0.14285714285714285
2025-12-30,Bengaluru,Day,Chat Frontline,A3004,Krishna Naidu,4,0,18.5,36.0,20.5,0.0
2025-12-30,Bengaluru,Day,Chat Frontline,A3006,Lakshmi Reddy,4,1,10.0,255.90000000000006,95.5,0.25
2025-12-30,Bengaluru,Day,Chat Frontline,A3012,Lakshmi Sethi,3,0,2.0,35.6,15.666666666666666,0.0
2025-12-30,Bengaluru,Day,Chat Frontline,A3015,Yash Agarwal,4,1,8.0,19.800000000000004,10.25,0.25
2025-12-30,Bengaluru,Day,Email Frontline,A3020,Ramesh Ghosh,3,0,45.0,48.2,31.666666666666668,0.0
2025-12-30,Bengaluru,Day,Email Frontline,A3021,Aditya Dhillon,4,1,237.5,462.90000000000003,280.75,0.25
2025-12-30,Bengaluru,Day,Email Frontline,A3022,Steven Tiwari,7,0,66.0,326.00000000000006,156.0,0.0
2025-12-30,Bengaluru,Day,Escalations & Warranty,A3042,Steven Chopra,2,0,239.0,360.6,239.0,0.0
2025-12-30,Bengaluru,Day,Escalations & Warranty,A3044,Kunal Malhotra,3,1,40.0,732.8000000000001,319.6666666666667,0.3333333333333333
2025-12-30,Bengaluru,Day,Logistics,A3029,Rajat Iyer,6,0,16.0,72.5,30.5,0.0
2025-12-30,Bengaluru,Day,Logistics,A3030,Sunita Srivastava,4,1,70.5,153.70000000000002,88.0,0.25
2025-12-30,Bengaluru,Day,Returns Desk,A3036,Rohit Shinde,3,0,21.0,134.6,63.0,0.0
2025-12-30,Bengaluru,Day,Returns Desk,A3038,Amit Yadav,3,1,280.0,494.40000000000003,276.3333333333333,0.3333333333333333
2025-12-30,Bengaluru,Day,Voice Frontline,A3023,Rahul Khanna,4,0,40.0,53.900000000000006,41.5,0.0
2025-12-30,Bengaluru,Day,Voice Frontline,A3026,Lakshmi Qureshi,7,1,23.0,113.2,46.57142857142857,0.14285714285714285
2025-12-30,Bengaluru,Morning,Billing,A3033,Amit Kulkarni,8,2,185.0,490.19999999999993,228.125,0.25
2025-12-30,Bengaluru,Morning,Billing,A3035,Rohit Mukherjee,1,0,4.0,4.0,4.0,0.0
2025-12-30,Bengaluru,Morning,Chat Frontline,A3005,Sameer Joshi,5,4,344.0,430.8,286.6,0.8
2025-12-30,Bengaluru,Morning,Chat Frontline,A3007,Neha Gaikwad,6,3,91.0,249.0,115.5,0.5
2025-12-30,Bengaluru,Morning,Chat Frontline,A3009,Ramesh Patel,4,3,311.0,476.6,286.25,0.75
2025-12-30,Bengaluru,Morning,Chat Frontline,A3014,Diya Patil,3,1,8.0,468.0,198.66666666666666,0.3333333333333333
2025-12-30,Bengaluru,Morning,Email Frontline,A3018,Farah Sheikh,12,5,445.0,836.6000000000001,425.6666666666667,0.4166666666666667
2025-12-30,Bengaluru,Morning,Email Frontline,A3019,Sai Sandhu,7,3,333.0,636.2,378.7142857142857,0.42857142857142855
2025-12-30,Bengaluru,Morning,Escalations & Warranty,A3039,Riya Gaikwad,3,1,380.0,1080.8,595.3333333333334,0.3333333333333333
2025-12-30,Bengaluru,Morning,Escalations & Warranty,A3043,Rohit Jain,5,1,47.0,377.8,165.2,0.2
2025-12-30,Bengaluru,Morning,Logistics,A3031,Om Malhotra,19,9,224.0,539.8,256.10526315789474,0.47368421052631576
2025-12-30,Bengaluru,Morning,Returns Desk,A3037,Rahul Sen,9,4,260.0,515.0,282.77777777777777,0.4444444444444444
2025-12-30,Bengaluru,Morning,Voice Frontline,A3024,Kunal Khanna,2,0,28.0,39.2,28.0,0.0
2025-12-30,Bengaluru,Morning,Voice Frontline,A3025,Lobsang Rao,3,0,43.0,68.6,52.0,0.0
2025-12-30,Indore,Day,Chat Frontline,A3002,Tarun Mishra,6,1,4.5,205.5,70.33333333333333,0.16666666666666666
2025-12-30,Indore,Day,Chat Frontline,A3003,Harpreet Deshpande,2,1,16.5,28.1,16.5,0.5
2025-12-30,Indore,Day,Escalations & Warranty,A3041,Riya Fernandes,2,0,129.5,231.5,129.5,0.0
2025-12-30,Indore,Day,Logistics,A3027,Dev Chatterjee,2,0,78.5,131.7,78.5,0.0
2025-12-30,Indore,Morning,Billing,A3032,Aadhya Sheikh,10,5,239.5,565.0999999999999,270.6,0.5
2025-12-30,Indore,Morning,Chat Frontline,A3008,Steven Kaur,5,2,4.0,59.400000000000006,22.6,0.4
2025-12-30,Indore,Morning,Chat Frontline,A3010,Neha Chatterjee,2,0,10.5,12.5,10.5,0.0
2025-12-30,Indore,Morning,Chat Frontline,A3011,Karan Roy,6,3,113.0,374.0,170.0,0.5
2025-12-30,Indore,Morning,Chat Frontline,A3013,Ritika Chatterjee,2,1,138.0,247.6,138.0,0.5
2025-12-30,Indore,Morning,Logistics,A3028,Krishna Kaur,9,3,267.0,483.0,238.33333333333334,0.3333333333333333
2026-01-06,Bengaluru,Day,Billing,A3034,Thomas Patel,11,2,28.0,197.0,111.36363636363636,0.18181818181818182
2026-01-06,Bengaluru,Day,Chat Frontline,A3004,Krishna Naidu,3,0,2.0,6.800000000000001,4.0,0.0
2026-01-06,Bengaluru,Day,Chat Frontline,A3006,Lakshmi Reddy,5,0,4.0,93.60000000000002,33.6,0.0
2026-01-06,Bengaluru,Day,Chat Frontline,A3012,Lakshmi Sethi,5,0,5.0,6.6,4.0,0.0
2026-01-06,Bengaluru,Day,Chat Frontline,A3015,Yash Agarwal,4,0,2.5,7.500000000000001,3.75,0.0
2026-01-06,Bengaluru,Day,Email Frontline,A3020,Ramesh Ghosh,1,0,433.0,433.0,433.0,0.0
2026-01-06,Bengaluru,Day,Email Frontline,A3021,Aditya Dhillon,2,0,114.0,149.2,114.0,0.0
2026-01-06,Bengaluru,Day,Email Frontline,A3022,Steven Tiwari,7,0,117.0,203.8,124.57142857142857,0.0
2026-01-06,Bengaluru,Day,Escalations & Warranty,A3040,Thomas Arora,1,1,156.0,156.0,156.0,1.0
2026-01-06,Bengaluru,Day,Escalations & Warranty,A3042,Steven Chopra,1,0,8.0,8.0,8.0,0.0
2026-01-06,Bengaluru,Day,Escalations & Warranty,A3044,Kunal Malhotra,1,0,11.0,11.0,11.0,0.0
2026-01-06,Bengaluru,Day,Logistics,A3029,Rajat Iyer,7,0,33.0,240.4,103.0,0.0
2026-01-06,Bengaluru,Day,Logistics,A3030,Sunita Srivastava,4,1,69.0,382.1000000000001,173.5,0.25
2026-01-06,Bengaluru,Day,Returns Desk,A3036,Rohit Shinde,2,1,18.5,20.5,18.5,0.5
2026-01-06,Bengaluru,Day,Returns Desk,A3038,Amit Yadav,6,1,10.0,16.0,10.166666666666666,0.16666666666666666
2026-01-06,Bengaluru,Day,Voice Frontline,A3023,Rahul Khanna,3,0,13.0,24.2,16.666666666666668,0.0
2026-01-06,Bengaluru,Day,Voice Frontline,A3026,Lakshmi Qureshi,6,0,23.5,36.0,24.0,0.0
2026-01-06,Bengaluru,Morning,Billing,A3033,Amit Kulkarni,7,3,51.0,348.6,119.28571428571429,0.42857142857142855
2026-01-06,Bengaluru,Morning,Billing,A3035,Rohit Mukherjee,2,1,291.0,519.0,291.0,0.5
2026-01-06,Bengaluru,Morning,Chat Frontline,A3005,Sameer Joshi,4,1,120.5,432.6,190.5,0.25
2026-01-06,Bengaluru,Morning,Chat Frontline,A3007,Neha Gaikwad,3,1,30.0,34.8,22.666666666666668,0.3333333333333333
2026-01-06,Bengaluru,Morning,Chat Frontline,A3009,Ramesh Patel,4,3,89.5,341.70000000000005,155.0,0.75
2026-01-06,Bengaluru,Morning,Email Frontline,A3018,Farah Sheikh,11,3,366.0,832.0,417.0,0.2727272727272727
2026-01-06,Bengaluru,Morning,Email Frontline,A3019,Sai Sandhu,9,3,186.0,632.6,337.77777777777777,0.3333333333333333
2026-01-06,Bengaluru,Morning,Escalations & Warranty,A3039,Riya Gaikwad,1,0,15.0,15.0,15.0,0.0
2026-01-06,Bengaluru,Morning,Escalations & Warranty,A3043,Rohit Jain,2,0,86.5,151.7,86.5,0.0
2026-01-06,Bengaluru,Morning,Logistics,A3031,Om Malhotra,12,4,86.5,525.5,208.75,0.3333333333333333
2026-01-06,Bengaluru,Morning,Returns Desk,A3037,Rahul Sen,5,2,31.0,291.8,116.2,0.4
2026-01-06,Bengaluru,Morning,Voice Frontline,A3024,Kunal Khanna,4,0,47.0,89.9,52.25,0.0
2026-01-06,Indore,Day,Chat Frontline,A3002,Tarun Mishra,4,0,6.5,124.50000000000003,47.25,0.0
2026-01-06,Indore,Day,Chat Frontline,A3003,Harpreet Deshpande,2,0,5.0,9.0,5.0,0.0
2026-01-06,Indore,Day,Logistics,A3027,Dev Chatterjee,3,0,4.0,4.8,3.6666666666666665,0.0
2026-01-06,Indore,Morning,Billing,A3032,Aadhya Sheikh,8,4,213.5,478.2,233.5,0.5
2026-01-06,Indore,Morning,Chat Frontline,A3008,Steven Kaur,6,2,13.5,376.5,131.83333333333334,0.3333333333333333
2026-01-06,Indore,Morning,Chat Frontline,A3010,Neha Chatterjee,4,2,35.0,253.10000000000005,104.0,0.5
2026-01-06,Indore,Morning,Chat Frontline,A3011,Karan Roy,4,0,33.5,138.60000000000002,60.25,0.0
2026-01-06,Indore,Morning,Chat Frontline,A3013,Ritika Chatterjee,6,3,79.0,402.0,160.83333333333334,0.5
2026-01-06,Indore,Morning,Logistics,A3028,Krishna Kaur,9,1,42.0,399.40000000000003,124.0,0.1111111111111111
2026-01-13,Bengaluru,Day,Billing,A3034,Thomas Patel,9,1,7.0,46.2,17.666666666666668,0.1111111111111111
2026-01-13,Bengaluru,Day,Chat Frontline,A3004,Krishna Naidu,3,0,4.0,38.400000000000006,18.333333333333332,0.0
2026-01-13,Bengaluru,Day,Chat Frontline,A3006,Lakshmi Reddy,9,0,6.0,102.8,29.11111111111111,0.0
2026-01-13,Bengaluru,Day,Chat Frontline,A3012,Lakshmi Sethi,7,1,7.0,49.00000000000003,20.285714285714285,0.14285714285714285
2026-01-13,Bengaluru,Day,Chat Frontline,A3015,Yash Agarwal,2,0,24.5,40.1,24.5,0.0
2026-01-13,Bengaluru,Day,Email Frontline,A3020,Ramesh Ghosh,2,0,154.5,189.3,154.5,0.0
2026-01-13,Bengaluru,Day,Email Frontline,A3021,Aditya Dhillon,3,0,117.0,298.6,173.0,0.0
2026-01-13,Bengaluru,Day,Email Frontline,A3022,Steven Tiwari,8,1,260.0,457.8,288.375,0.125
2026-01-13,Bengaluru,Day,Escalations & Warranty,A3040,Thomas Arora,3,1,68.0,1180.0,511.3333333333333,0.3333333333333333
2026-01-13,Bengaluru,Day,Escalations & Warranty,A3042,Steven Chopra,1,0,95.0,95.0,95.0,0.0
2026-01-13,Bengaluru,Day,Escalations & Warranty,A3044,Kunal Malhotra,2,0,48.0,60.0,48.0,0.0
2026-01-13,Bengaluru,Day,Logistics,A3029,Rajat Iyer,6,1,85.5,182.5,92.83333333333333,0.16666666666666666
2026-01-13,Bengaluru,Day,Logistics,A3030,Sunita Srivastava,3,0,199.0,287.0,200.0,0.0
2026-01-13,Bengaluru,Day,Returns Desk,A3036,Rohit Shinde,2,1,113.5,170.7,113.5,0.5
2026-01-13,Bengaluru,Day,Returns Desk,A3038,Amit Yadav,2,0,28.0,43.2,28.0,0.0
2026-01-13,Bengaluru,Day,Voice Frontline,A3023,Rahul Khanna,2,0,34.0,46.8,34.0,0.0
2026-01-13,Bengaluru,Day,Voice Frontline,A3026,Lakshmi Qureshi,2,0,22.0,27.6,22.0,0.0
2026-01-13,Bengaluru,Morning,Billing,A3035,Rohit Mukherjee,3,2,346.0,670.0,370.6666666666667,0.6666666666666666
2026-01-13,Bengaluru,Morning,Chat Frontline,A3005,Sameer Joshi,5,3,443.0,511.0,300.6,0.6
2026-01-13,Bengaluru,Morning,Chat Frontline,A3007,Neha Gaikwad,8,4,13.0,452.09999999999997,164.875,0.5
2026-01-13,Bengaluru,Morning,Chat Frontline,A3009,Ramesh Patel,4,3,317.0,459.90000000000003,285.0,0.75
2026-01-13,Bengaluru,Morning,Chat Frontline,A3014,Diya Patil,4,3,384.0,451.90000000000003,320.0,0.75
2026-01-13,Bengaluru,Morning,Email Frontline,A3018,Farah Sheikh,13,3,239.0,622.8000000000001,314.7692307692308,0.23076923076923078
2026-01-13,Bengaluru,Morning,Email Frontline,A3019,Sai Sandhu,7,1,158.0,559.2000000000003,254.0,0.14285714285714285
2026-01-13,Bengaluru,Morning,Escalations & Warranty,A3039,Riya Gaikwad,3,1,75.0,392.6,191.33333333333334,0.3333333333333333
2026-01-13,Bengaluru,Morning,Escalations & Warranty,A3043,Rohit Jain,2,1,296.0,527.2,296.0,0.5
2026-01-13,Bengaluru,Morning,Logistics,A3031,Om Malhotra,3,0,77.0,251.4,124.66666666666667,0.0
2026-01-13,Bengaluru,Morning,Returns Desk,A3037,Rahul Sen,10,4,269.0,478.7,232.9,0.4
2026-01-13,Bengaluru,Morning,Voice Frontline,A3024,Kunal Khanna,4,0,74.5,97.9,75.25,0.0
2026-01-13,Indore,Day,Chat Frontline,A3002,Tarun Mishra,5,1,1.0,14.4,6.0,0.2
2026-01-13,Indore,Day,Chat Frontline,A3003,Harpreet Deshpande,1,0,112.0,112.0,112.0,0.0
2026-01-13,Indore,Day,Logistics,A3027,Dev Chatterjee,6,0,8.5,43.0,18.0,0.0
2026-01-13,Indore,Morning,Billing,A3032,Aadhya Sheikh,7,1,169.0,674.8000000000002,280.0,0.14285714285714285
2026-01-13,Indore,Morning,Chat Frontline,A3008,Steven Kaur,3,1,78.0,147.6,82.33333333333333,0.3333333333333333
2026-01-13,Indore,Morning,Chat Frontline,A3010,Neha Chatterjee,4,1,20.5,136.70000000000002,55.5,0.25
2026-01-13,Indore,Morning,Chat Frontline,A3011,Karan Roy,8,2,59.0,511.0,165.625,0.25
2026-01-13,Indore,Morning,Chat Frontline,A3013,Ritika Chatterjee,8,5,71.5,477.8,198.0,0.625
2026-01-13,Indore,Morning,Logistics,A3028,Krishna Kaur,10,4,206.0,534.3,252.6,0.4
2026-01-20,Bengaluru,Day,Billing,A3034,Thomas Patel,10,0,24.5,227.1,78.8,0.0
2026-01-20,Bengaluru,Day,Chat Frontline,A3004,Krishna Naidu,3,0,6.0,21.200000000000003,10.333333333333334,0.0
2026-01-20,Bengaluru,Day,Chat Frontline,A3006,Lakshmi Reddy,1,0,1.0,1.0,1.0,0.0
2026-01-20,Bengaluru,Day,Chat Frontline,A3012,Lakshmi Sethi,3,0,56.0,127.2,67.66666666666667,0.0
2026-01-20,Bengaluru,Day,Chat Frontline,A3015,Yash Agarwal,1,0,1.0,1.0,1.0,0.0
2026-01-20,Bengaluru,Day,Email Frontline,A3020,Ramesh Ghosh,4,0,153.5,333.5,192.0,0.0
2026-01-20,Bengaluru,Day,Email Frontline,A3021,Aditya Dhillon,6,0,178.5,290.5,202.16666666666666,0.0
2026-01-20,Bengaluru,Day,Email Frontline,A3022,Steven Tiwari,1,1,452.0,452.0,452.0,1.0
2026-01-20,Bengaluru,Day,Escalations & Warranty,A3040,Thomas Arora,1,0,1.0,1.0,1.0,0.0
2026-01-20,Bengaluru,Day,Escalations & Warranty,A3042,Steven Chopra,1,0,14.0,14.0,14.0,0.0
2026-01-20,Bengaluru,Day,Escalations & Warranty,A3044,Kunal Malhotra,5,0,20.0,130.20000000000002,55.0,0.0
2026-01-20,Bengaluru,Day,Logistics,A3029,Rajat Iyer,5,1,58.0,249.4,107.6,0.2
2026-01-20,Bengaluru,Day,Logistics,A3030,Sunita Srivastava,6,1,29.0,202.0,78.5,0.16666666666666666
2026-01-20,Bengaluru,Day,Returns Desk,A3036,Rohit Shinde,3,2,22.0,413.20000000000005,178.33333333333334,0.6666666666666666
2026-01-20,Bengaluru,Day,Returns Desk,A3038,Amit Yadav,1,0,107.0,107.0,107.0,0.0
2026-01-20,Bengaluru,Day,Voice Frontline,A3023,Rahul Khanna,5,0,22.0,35.2,24.6,0.0
2026-01-20,Bengaluru,Day,Voice Frontline,A3026,Lakshmi Qureshi,7,0,27.0,93.60000000000001,54.142857142857146,0.0
2026-01-20,Bengaluru,Morning,Billing,A3033,Amit Kulkarni,4,2,291.5,459.1,287.0,0.5
2026-01-20,Bengaluru,Morning,Billing,A3035,Rohit Mukherjee,8,3,56.0,515.0,201.25,0.375
2026-01-20,Bengaluru,Morning,Chat Frontline,A3005,Sameer Joshi,3,1,58.0,351.6,162.66666666666666,0.3333333333333333
2026-01-20,Bengaluru,Morning,Chat Frontline,A3007,Neha Gaikwad,8,1,2.5,157.5999999999999,66.375,0.125
2026-01-20,Bengaluru,Morning,Chat Frontline,A3009,Ramesh Patel,4,2,250.0,494.90000000000003,254.0,0.5
2026-01-20,Bengaluru,Morning,Chat Frontline,A3014,Diya Patil,2,1,196.5,335.3,196.5,0.5
2026-01-20,Bengaluru,Morning,Email Frontline,A3018,Farah Sheikh,14,3,272.0,551.4,303.0,0.21428571428571427
2026-01-20,Bengaluru,Morning,Email Frontline,A3019,Sai Sandhu,4,0,99.0,357.9000000000001,173.5,0.0
2026-01-20,Bengaluru,Morning,Escalations & Warranty,A3039,Riya Gaikwad,6,2,136.5,459.0,210.66666666666666,0.3333333333333333
2026-01-20,Bengaluru,Morning,Escalations & Warranty,A3043,Rohit Jain,8,5,311.5,493.29999999999995,287.125,0.625
2026-01-20,Bengaluru,Morning,Logistics,A3031,Om Malhotra,10,6,400.5,580.9,327.5,0.6
2026-01-20,Bengaluru,Morning,Returns Desk,A3037,Rahul Sen,11,3,143.0,461.0,205.72727272727272,0.2727272727272727
2026-01-20,Bengaluru,Morning,Voice Frontline,A3024,Kunal Khanna,2,0,31.0,47.0,31.0,0.0
2026-01-20,Bengaluru,Morning,Voice Frontline,A3025,Lobsang Rao,1,0,24.0,24.0,24.0,0.0
2026-01-20,Indore,Day,Chat Frontline,A3002,Tarun Mishra,3,1,3.0,241.4,101.33333333333333,0.3333333333333333
2026-01-20,Indore,Day,Chat Frontline,A3003,Harpreet Deshpande,2,0,1.5,1.9,1.5,0.0
2026-01-20,Indore,Day,Logistics,A3027,Dev Chatterjee,3,0,4.0,20.8,10.666666666666666,0.0
2026-01-20,Indore,Morning,Billing,A3032,Aadhya Sheikh,11,7,188.0,526.0,267.3636363636364,0.6363636363636364
2026-01-20,Indore,Morning,Chat Frontline,A3008,Steven Kaur,1,1,352.0,352.0,352.0,1.0
2026-01-20,Indore,Morning,Chat Frontline,A3010,Neha Chatterjee,3,2,212.0,378.4,212.33333333333334,0.6666666666666666
2026-01-20,Indore,Morning,Chat Frontline,A3011,Karan Roy,2,1,228.0,408.8,228.0,0.5
2026-01-20,Indore,Morning,Chat Frontline,A3013,Ritika Chatterjee,3,1,114.0,378.0,190.33333333333334,0.3333333333333333
2026-01-20,Indore,Morning,Logistics,A3028,Krishna Kaur,11,4,48.0,469.0,184.9090909090909,0.36363636363636365
2026-01-27,Bengaluru,Day,Billing,A3034,Thomas Patel,12,2,20.5,392.4000000000001,106.58333333333333,0.16666666666666666
2026-01-27,Bengaluru,Day,Chat Frontline,A3004,Krishna Naidu,2,0,41.0,73.0,41.0,0.0
2026-01-27,Bengaluru,Day,Chat Frontline,A3006,Lakshmi Reddy,5,0,4.0,94.4,38.4,0.0
2026-01-27,Bengaluru,Day,Chat Frontline,A3012,Lakshmi Sethi,7,0,15.0,51.60000000000001,26.571428571428573,0.0
2026-01-27,Bengaluru,Day,Chat Frontline,A3015,Yash Agarwal,2,1,17.0,29.0,17.0,0.5
2026-01-27,Bengaluru,Day,Email Frontline,A3020,Ramesh Ghosh,2,0,47.5,58.3,47.5,0.0
2026-01-27,Bengaluru,Day,Email Frontline,A3021,Aditya Dhillon,2,0,200.0,276.0,200.0,0.0
2026-01-27,Bengaluru,Day,Email Frontline,A3022,Steven Tiwari,4,0,176.0,388.3,206.75,0.0
2026-01-27,Bengaluru,Day,Escalations & Warranty,A3042,Steven Chopra,3,0,4.0,4.0,4.0,0.0
2026-01-27,Bengaluru,Day,Escalations & Warranty,A3044,Kunal Malhotra,2,0,1.0,1.8,1.0,0.0
2026-01-27,Bengaluru,Day,Logistics,A3029,Rajat Iyer,8,2,158.5,891.0999999999999,338.875,0.25
2026-01-27,Bengaluru,Day,Logistics,A3030,Sunita Srivastava,4,0,3.5,74.00000000000001,28.5,0.0
2026-01-27,Bengaluru,Day,Returns Desk,A3036,Rohit Shinde,5,2,22.0,298.20000000000005,113.0,0.4
2026-01-27,Bengaluru,Day,Returns Desk,A3038,Amit Yadav,3,0,4.0,74.4,32.333333333333336,0.0
2026-01-27,Bengaluru,Day,Voice Frontline,A3023,Rahul Khanna,3,0,95.0,98.2,70.0,0.0
2026-01-27,Bengaluru,Day,Voice Frontline,A3026,Lakshmi Qureshi,6,0,50.5,61.5,44.0,0.0
2026-01-27,Bengaluru,Morning,Billing,A3033,Amit Kulkarni,5,4,415.0,514.2,406.6,0.8
2026-01-27,Bengaluru,Morning,Billing,A3035,Rohit Mukherjee,3,2,166.0,424.40000000000003,219.0,0.6666666666666666
2026-01-27,Bengaluru,Morning,Chat Frontline,A3005,Sameer Joshi,6,3,131.0,295.5,143.16666666666666,0.5
2026-01-27,Bengaluru,Morning,Chat Frontline,A3007,Neha Gaikwad,3,0,4.0,33.6,15.333333333333334,0.0
2026-01-27,Bengaluru,Morning,Chat Frontline,A3009,Ramesh Patel,3,1,293.0,339.4,260.0,0.3333333333333333
2026-01-27,Bengaluru,Morning,Chat Frontline,A3014,Diya Patil,4,1,4.5,19.000000000000004,9.5,0.25
2026-01-27,Bengaluru,Morning,Email Frontline,A3018,Farah Sheikh,11,6,487.0,942.0,520.2727272727273,0.5454545454545454
2026-01-27,Bengaluru,Morning,Email Frontline,A3019,Sai Sandhu,13,2,273.0,516.0,317.38461538461536,0.15384615384615385
2026-01-27,Bengaluru,Morning,Escalations & Warranty,A3039,Riya Gaikwad,5,3,301.0,518.4,276.8,0.6
2026-01-27,Bengaluru,Morning,Escalations & Warranty,A3043,Rohit Jain,4,2,151.5,414.6,192.25,0.5
2026-01-27,Bengaluru,Morning,Logistics,A3031,Om Malhotra,6,4,400.5,487.0,311.1666666666667,0.6666666666666666
2026-01-27,Bengaluru,Morning,Returns Desk,A3037,Rahul Sen,11,6,90.0,369.0,155.9090909090909,0.5454545454545454
2026-01-27,Bengaluru,Morning,Voice Frontline,A3024,Kunal Khanna,1,1,131.0,131.0,131.0,1.0
2026-01-27,Bengaluru,Morning,Voice Frontline,A3025,Lobsang Rao,1,0,98.0,98.0,98.0,0.0
2026-01-27,Indore,Day,Chat Frontline,A3002,Tarun Mishra,4,1,8.5,387.9000000000001,142.5,0.25
2026-01-27,Indore,Day,Chat Frontline,A3003,Harpreet Deshpande,3,0,3.0,5.4,3.6666666666666665,0.0
2026-01-27,Indore,Day,Escalations & Warranty,A3041,Riya Fernandes,1,0,40.0,40.0,40.0,0.0
2026-01-27,Indore,Day,Logistics,A3027,Dev Chatterjee,9,0,19.0,203.0,64.66666666666667,0.0
2026-01-27,Indore,Morning,Billing,A3032,Aadhya Sheikh,3,0,157.0,319.4,185.33333333333334,0.0
2026-01-27,Indore,Morning,Chat Frontline,A3008,Steven Kaur,5,1,9.0,292.80000000000007,102.0,0.2
2026-01-27,Indore,Morning,Chat Frontline,A3010,Neha Chatterjee,3,0,9.0,27.400000000000002,15.0,0.0
2026-01-27,Indore,Morning,Chat Frontline,A3011,Karan Roy,5,2,12.0,412.40000000000003,163.8,0.4
2026-01-27,Indore,Morning,Chat Frontline,A3013,Ritika Chatterjee,1,0,3.0,3.0,3.0,0.0
2026-01-27,Indore,Morning,Logistics,A3028,Krishna Kaur,4,0,120.5,175.1,106.75,0.0
2026-02-03,Bengaluru,Day,Billing,A3034,Thomas Patel,10,3,91.0,251.39999999999998,115.9,0.3
2026-02-03,Bengaluru,Day,Chat Frontline,A3004,Krishna Naidu,2,0,3.0,3.8,3.0,0.0
2026-02-03,Bengaluru,Day,Chat Frontline,A3006,Lakshmi Reddy,4,0,2.0,24.700000000000006,9.75,0.0
2026-02-03,Bengaluru,Day,Chat Frontline,A3012,Lakshmi Sethi,6,2,5.0,487.5,165.0,0.3333333333333333
2026-02-03,Bengaluru,Day,Chat Frontline,A3015,Yash Agarwal,4,2,12.5,18.1,12.25,0.5
2026-02-03,Bengaluru,Day,Email Frontline,A3020,Ramesh Ghosh,5,0,112.0,352.8,164.4,0.0
2026-02-03,Bengaluru,Day,Email Frontline,A3021,Aditya Dhillon,5,0,155.0,280.0,166.2,0.0
2026-02-03,Bengaluru,Day,Email Frontline,A3022,Steven Tiwari,2,1,531.0,595.8,531.0,0.5
2026-02-03,Bengaluru,Day,Escalations & Warranty,A3044,Kunal Malhotra,1,0,5.0,5.0,5.0,0.0
2026-02-03,Bengaluru,Day,Logistics,A3029,Rajat Iyer,1,0,278.0,278.0,278.0,0.0
2026-02-03,Bengaluru,Day,Logistics,A3030,Sunita Srivastava,8,1,12.5,304.3999999999998,130.875,0.125
2026-02-03,Bengaluru,Day,Returns Desk,A3036,Rohit Shinde,2,1,465.0,469.0,465.0,0.5
2026-02-03,Bengaluru,Day,Returns Desk,A3038,Amit Yadav,6,0,4.0,128.5,44.666666666666664,0.0
2026-02-03,Bengaluru,Day,Voice Frontline,A3023,Rahul Khanna,2,0,40.5,60.1,40.5,0.0
2026-02-03,Bengaluru,Day,Voice Frontline,A3026,Lakshmi Qureshi,3,0,11.0,22.2,14.0,0.0
2026-02-03,Bengaluru,Morning,Billing,A3033,Amit Kulkarni,4,2,103.0,216.20000000000002,122.0,0.5
2026-02-03,Bengaluru,Morning,Billing,A3035,Rohit Mukherjee,5,2,255.0,509.6,305.4,0.4
2026-02-03,Bengaluru,Morning,Chat Frontline,A3005,Sameer Joshi,2,1,282.0,449.2,282.0,0.5
2026-02-03,Bengaluru,Morning,Chat Frontline,A3007,Neha Gaikwad,5,1,62.0,196.8,90.4,0.2
2026-02-03,Bengaluru,Morning,Chat Frontline,A3009,Ramesh Patel,4,3,304.0,447.1,277.5,0.75
2026-02-03,Bengaluru,Morning,Chat Frontline,A3014,Diya Patil,3,3,333.0,471.4,291.0,1.0
2026-02-03,Bengaluru,Morning,Email Frontline,A3018,Farah Sheikh,12,5,400.0,543.0,374.6666666666667,0.4166666666666667
2026-02-03,Bengaluru,Morning,Email Frontline,A3019,Sai Sandhu,6,0,115.0,330.0,156.83333333333334,0.0
2026-02-03,Bengaluru,Morning,Escalations & Warranty,A3039,Riya Gaikwad,4,1,209.5,346.1,217.75,0.25
2026-02-03,Bengaluru,Morning,Escalations & Warranty,A3043,Rohit Jain,6,2,11.5,509.0,174.33333333333334,0.3333333333333333
2026-02-03,Bengaluru,Morning,Logistics,A3031,Om Malhotra,5,1,254.0,315.0,196.0,0.2
2026-02-03,Bengaluru,Morning,Returns Desk,A3037,Rahul Sen,9,2,88.0,459.40000000000003,190.0,0.2222222222222222
2026-02-03,Bengaluru,Morning,Voice Frontline,A3024,Kunal Khanna,1,0,18.0,18.0,18.0,0.0
2026-02-03,Bengaluru,Morning,Voice Frontline,A3025,Lobsang Rao,3,0,48.0,73.6,44.333333333333336,0.0
2026-02-03,Indore,Day,Chat Frontline,A3002,Tarun Mishra,2,0,17.0,29.0,17.0,0.0
2026-02-03,Indore,Day,Chat Frontline,A3003,Harpreet Deshpande,3,1,6.0,274.0,116.33333333333333,0.3333333333333333
2026-02-03,Indore,Day,Escalations & Warranty,A3041,Riya Fernandes,1,0,210.0,210.0,210.0,0.0
2026-02-03,Indore,Day,Logistics,A3027,Dev Chatterjee,3,0,4.0,174.4,74.66666666666667,0.0
2026-02-03,Indore,Morning,Billing,A3032,Aadhya Sheikh,5,1,247.0,432.0,238.4,0.2
2026-02-03,Indore,Morning,Chat Frontline,A3008,Steven Kaur,4,3,256.0,495.1,275.0,0.75
2026-02-03,Indore,Morning,Chat Frontline,A3010,Neha Chatterjee,5,0,5.0,73.60000000000001,29.0,0.0
2026-02-03,Indore,Morning,Chat Frontline,A3011,Karan Roy,3,0,14.0,35.6,19.333333333333332,0.0
2026-02-03,Indore,Morning,Chat Frontline,A3013,Ritika Chatterjee,1,0,2.0,2.0,2.0,0.0
2026-02-03,Indore,Morning,Logistics,A3028,Krishna Kaur,8,4,315.5,465.59999999999997,254.5,0.5
2026-02-10,Bengaluru,Day,Billing,A3034,Thomas Patel,8,0,24.0,96.5,40.25,0.0
2026-02-10,Bengaluru,Day,Chat Frontline,A3004,Krishna Naidu,2,0,6.5,9.3,6.5,0.0
2026-02-10,Bengaluru,Day,Chat Frontline,A3006,Lakshmi Reddy,6,0,8.0,39.0,16.5,0.0
2026-02-10,Bengaluru,Day,Chat Frontline,A3012,Lakshmi Sethi,4,1,8.0,17.700000000000003,9.75,0.25
2026-02-10,Bengaluru,Day,Chat Frontline,A3015,Yash Agarwal,5,0,5.0,13.2,7.0,0.0
2026-02-10,Bengaluru,Day,Email Frontline,A3020,Ramesh Ghosh,8,0,289.5,444.1,241.375,0.0
2026-02-10,Bengaluru,Day,Email Frontline,A3021,Aditya Dhillon,6,1,331.5,1094.0,504.3333333333333,0.16666666666666666
2026-02-10,Bengaluru,Day,Email Frontline,A3022,Steven Tiwari,2,0,147.0,215.0,147.0,0.0
2026-02-10,Bengaluru,Day,Escalations & Warranty,A3040,Thomas Arora,3,0,5.0,73.0,32.0,0.0
2026-02-10,Bengaluru,Day,Escalations & Warranty,A3044,Kunal Malhotra,2,0,49.5,82.7,49.5,0.0
2026-02-10,Bengaluru,Day,Logistics,A3029,Rajat Iyer,2,0,16.5,27.3,16.5,0.0
2026-02-10,Bengaluru,Day,Logistics,A3030,Sunita Srivastava,8,2,41.0,92.0,46.75,0.25
2026-02-10,Bengaluru,Day,Returns Desk,A3036,Rohit Shinde,3,0,18.0,44.4,23.333333333333332,0.0
2026-02-10,Bengaluru,Day,Returns Desk,A3038,Amit Yadav,4,0,4.0,139.40000000000003,51.5,0.0
2026-02-10,Bengaluru,Day,Voice Frontline,A3023,Rahul Khanna,2,0,69.5,94.7,69.5,0.0
2026-02-10,Bengaluru,Day,Voice Frontline,A3026,Lakshmi Qureshi,3,0,55.0,56.6,51.333333333333336,0.0
2026-02-10,Bengaluru,Morning,Billing,A3033,Amit Kulkarni,5,2,197.0,465.2,240.2,0.4
2026-02-10,Bengaluru,Morning,Billing,A3035,Rohit Mukherjee,3,2,40.0,398.40000000000003,184.0,0.6666666666666666
2026-02-10,Bengaluru,Morning,Chat Frontline,A3005,Sameer Joshi,4,0,48.5,75.3,44.0,0.0
2026-02-10,Bengaluru,Morning,Chat Frontline,A3007,Neha Gaikwad,7,1,6.0,183.2000000000001,63.42857142857143,0.14285714285714285
2026-02-10,Bengaluru,Morning,Chat Frontline,A3009,Ramesh Patel,4,1,94.0,356.40000000000003,156.5,0.25
2026-02-10,Bengaluru,Morning,Chat Frontline,A3014,Diya Patil,2,2,454.0,485.2,454.0,1.0
2026-02-10,Bengaluru,Morning,Email Frontline,A3018,Farah Sheikh,10,3,202.0,604.3,277.1,0.3
2026-02-10,Bengaluru,Morning,Email Frontline,A3019,Sai Sandhu,7,3,470.0,541.2,382.14285714285717,0.42857142857142855
2026-02-10,Bengaluru,Morning,Escalations & Warranty,A3039,Riya Gaikwad,2,0,29.5,37.9,29.5,0.0
2026-02-10,Bengaluru,Morning,Escalations & Warranty,A3043,Rohit Jain,5,1,328.0,427.4,245.4,0.2
2026-02-10,Bengaluru,Morning,Logistics,A3031,Om Malhotra,7,4,289.0,798.6000000000004,422.2857142857143,0.5714285714285714
2026-02-10,Bengaluru,Morning,Returns Desk,A3037,Rahul Sen,10,3,32.5,401.79999999999995,136.7,0.3
2026-02-10,Bengaluru,Morning,Voice Frontline,A3024,Kunal Khanna,1,0,9.0,9.0,9.0,0.0
2026-02-10,Indore,Day,Chat Frontline,A3002,Tarun Mishra,2,1,195.0,341.4,195.0,0.5
2026-02-10,Indore,Day,Chat Frontline,A3003,Harpreet Deshpande,2,0,11.5,14.3,11.5,0.0
2026-02-10,Indore,Day,Logistics,A3027,Dev Chatterjee,5,1,198.0,487.8,258.2,0.2
2026-02-10,Indore,Morning,Billing,A3032,Aadhya Sheikh,3,2,421.0,543.4,333.3333333333333,0.6666666666666666
2026-02-10,Indore,Morning,Chat Frontline,A3008,Steven Kaur,5,0,2.0,24.6,9.8,0.0
2026-02-10,Indore,Morning,Chat Frontline,A3010,Neha Chatterjee,1,1,452.0,452.0,452.0,1.0
2026-02-10,Indore,Morning,Chat Frontline,A3011,Karan Roy,5,1,134.0,374.4,174.4,0.2
2026-02-10,Indore,Morning,Chat Frontline,A3013,Ritika Chatterjee,5,3,22.0,289.0,107.6,0.6
2026-02-10,Indore,Morning,Logistics,A3028,Krishna Kaur,8,3,124.0,387.5,158.25,0.375
2026-02-17,Bengaluru,Day,Billing,A3034,Thomas Patel,7,0,153.0,287.40000000000003,130.28571428571428,0.0
2026-02-17,Bengaluru,Day,Chat Frontline,A3004,Krishna Naidu,4,1,26.0,235.10000000000005,93.25,0.25
2026-02-17,Bengaluru,Day,Chat Frontline,A3006,Lakshmi Reddy,3,1,6.0,502.8,212.66666666666666,0.3333333333333333
2026-02-17,Bengaluru,Day,Chat Frontline,A3012,Lakshmi Sethi,2,0,8.0,13.6,8.0,0.0
2026-02-17,Bengaluru,Day,Chat Frontline,A3015,Yash Agarwal,2,0,36.0,60.0,36.0,0.0
2026-02-17,Bengaluru,Day,Email Frontline,A3020,Ramesh Ghosh,3,0,118.0,214.8,119.33333333333333,0.0
2026-02-17,Bengaluru,Day,Email Frontline,A3021,Aditya Dhillon,3,0,84.0,349.6,180.0,0.0
2026-02-17,Bengaluru,Day,Email Frontline,A3022,Steven Tiwari,2,0,254.0,331.6,254.0,0.0
2026-02-17,Bengaluru,Day,Logistics,A3029,Rajat Iyer,6,0,7.5,37.5,15.666666666666666,0.0
2026-02-17,Bengaluru,Day,Logistics,A3030,Sunita Srivastava,2,0,81.5,143.5,81.5,0.0
2026-02-17,Bengaluru,Day,Returns Desk,A3036,Rohit Shinde,2,0,2.5,2.9,2.5,0.0
2026-02-17,Bengaluru,Day,Returns Desk,A3038,Amit Yadav,5,0,7.0,32.8,15.4,0.0
2026-02-17,Bengaluru,Day,Voice Frontline,A3023,Rahul Khanna,5,0,23.0,62.2,33.2,0.0
2026-02-17,Bengaluru,Day,Voice Frontline,A3026,Lakshmi Qureshi,3,0,21.0,36.2,22.666666666666668,0.0
2026-02-17,Bengaluru,Morning,Billing,A3033,Amit Kulkarni,3,1,476.0,530.4,341.6666666666667,0.3333333333333333
2026-02-17,Bengaluru,Morning,Billing,A3035,Rohit Mukherjee,4,3,415.5,511.20000000000005,362.25,0.75
2026-02-17,Bengaluru,Morning,Chat Frontline,A3005,Sameer Joshi,3,1,3.0,121.4,52.333333333333336,0.3333333333333333
2026-02-17,Bengaluru,Morning,Chat Frontline,A3007,Neha Gaikwad,5,1,9.0,301.0,109.4,0.2
2026-02-17,Bengaluru,Morning,Chat Frontline,A3009,Ramesh Patel,4,2,231.0,455.7,232.5,0.5
2026-02-17,Bengaluru,Morning,Chat Frontline,A3014,Diya Patil,5,2,142.0,500.0,236.4,0.4
2026-02-17,Bengaluru,Morning,Email Frontline,A3018,Farah Sheikh,16,5,423.5,601.0,386.8125,0.3125
2026-02-17,Bengaluru,Morning,Email Frontline,A3019,Sai Sandhu,13,2,280.0,563.0000000000001,326.61538461538464,0.15384615384615385
2026-02-17,Bengaluru,Morning,Escalations & Warranty,A3039,Riya Gaikwad,4,2,405.5,488.0,325.75,0.5
2026-02-17,Bengaluru,Morning,Escalations & Warranty,A3043,Rohit Jain,2,0,82.0,142.8,82.0,0.0
2026-02-17,Bengaluru,Morning,Logistics,A3031,Om Malhotra,12,2,29.0,252.90000000000006,98.16666666666667,0.16666666666666666
2026-02-17,Bengaluru,Morning,Returns Desk,A3037,Rahul Sen,10,3,99.5,462.29999999999995,160.4,0.3
2026-02-17,Bengaluru,Morning,Voice Frontline,A3024,Kunal Khanna,3,0,79.0,104.6,83.0,0.0
2026-02-17,Bengaluru,Morning,Voice Frontline,A3025,Lobsang Rao,3,0,23.0,100.60000000000001,55.333333333333336,0.0
2026-02-17,Indore,Day,Chat Frontline,A3002,Tarun Mishra,4,0,9.5,47.900000000000006,21.25,0.0
2026-02-17,Indore,Day,Chat Frontline,A3003,Harpreet Deshpande,3,0,2.0,3.6,2.6666666666666665,0.0
2026-02-17,Indore,Day,Escalations & Warranty,A3041,Riya Fernandes,2,1,426.5,672.5,426.5,0.5
2026-02-17,Indore,Day,Logistics,A3027,Dev Chatterjee,3,0,16.0,307.20000000000005,132.66666666666666,0.0
2026-02-17,Indore,Morning,Billing,A3032,Aadhya Sheikh,4,2,293.0,467.0,275.75,0.5
2026-02-17,Indore,Morning,Chat Frontline,A3010,Neha Chatterjee,3,1,2.0,94.80000000000001,40.333333333333336,0.3333333333333333
2026-02-17,Indore,Morning,Chat Frontline,A3011,Karan Roy,5,2,171.0,475.2,224.6,0.4
2026-02-17,Indore,Morning,Chat Frontline,A3013,Ritika Chatterjee,4,0,5.0,7.7,4.75,0.0
2026-02-17,Indore,Morning,Logistics,A3028,Krishna Kaur,3,1,73.0,335.40000000000003,158.33333333333334,0.3333333333333333
2026-02-24,Bengaluru,Day,Billing,A3034,Thomas Patel,14,0,5.0,151.20000000000002,37.357142857142854,0.0
2026-02-24,Bengaluru,Day,Chat Frontline,A3004,Krishna Naidu,4,1,19.0,32.2,18.5,0.25
2026-02-24,Bengaluru,Day,Chat Frontline,A3006,Lakshmi Reddy,5,0,5.0,16.8,8.2,0.0
2026-02-24,Bengaluru,Day,Chat Frontline,A3012,Lakshmi Sethi,5,0,2.0,11.600000000000001,5.2,0.0
2026-02-24,Bengaluru,Day,Chat Frontline,A3015,Yash Agarwal,3,0,11.0,135.0,60.333333333333336,0.0
2026-02-24,Bengaluru,Day,Email Frontline,A3020,Ramesh Ghosh,5,0,79.0,243.20000000000002,126.2,0.0
2026-02-24,Bengaluru,Day,Email Frontline,A3021,Aditya Dhillon,3,1,309.0,1252.2,624.3333333333334,0.3333333333333333
2026-02-24,Bengaluru,Day,Email Frontline,A3022,Steven Tiwari,2,0,50.5,68.5,50.5,0.0
2026-02-24,Bengaluru,Day,Escalations & Warranty,A3040,Thomas Arora,1,0,4.0,4.0,4.0,0.0
2026-02-24,Bengaluru,Day,Escalations & Warranty,A3042,Steven Chopra,2,1,247.0,305.4,247.0,0.5
2026-02-24,Bengaluru,Day,Escalations & Warranty,A3044,Kunal Malhotra,2,0,3.0,3.0,3.0,0.0
2026-02-24,Bengaluru,Day,Logistics,A3029,Rajat Iyer,2,0,13.5,17.9,13.5,0.0
2026-02-24,Bengaluru,Day,Logistics,A3030,Sunita Srivastava,6,0,30.0,77.0,37.333333333333336,0.0
2026-02-24,Bengaluru,Day,Returns Desk,A3036,Rohit Shinde,3,0,2.0,6.0,3.6666666666666665,0.0
2026-02-24,Bengaluru,Day,Returns Desk,A3038,Amit Yadav,6,0,7.5,31.0,14.0,0.0
2026-02-24,Bengaluru,Day,Voice Frontline,A3023,Rahul Khanna,1,0,52.0,52.0,52.0,0.0
2026-02-24,Bengaluru,Day,Voice Frontline,A3026,Lakshmi Qureshi,2,0,63.5,80.7,63.5,0.0
2026-02-24,Bengaluru,Morning,Billing,A3033,Amit Kulkarni,3,1,40.0,265.6,121.33333333333333,0.3333333333333333
2026-02-24,Bengaluru,Morning,Billing,A3035,Rohit Mukherjee,2,2,350.0,470.8,350.0,1.0
2026-02-24,Bengaluru,Morning,Chat Frontline,A3005,Sameer Joshi,3,2,293.0,472.2,271.3333333333333,0.6666666666666666
2026-02-24,Bengaluru,Morning,Chat Frontline,A3007,Neha Gaikwad,2,2,402.0,426.0,402.0,1.0
2026-02-24,Bengaluru,Morning,Chat Frontline,A3009,Ramesh Patel,4,2,377.0,522.7,321.75,0.5
2026-02-24,Bengaluru,Morning,Chat Frontline,A3014,Diya Patil,4,1,29.0,84.4,41.75,0.25
2026-02-24,Bengaluru,Morning,Email Frontline,A3018,Farah Sheikh,11,0,146.0,264.0,146.0909090909091,0.0
2026-02-24,Bengaluru,Morning,Email Frontline,A3019,Sai Sandhu,9,1,303.0,463.6,295.44444444444446,0.1111111111111111
2026-02-24,Bengaluru,Morning,Escalations & Warranty,A3039,Riya Gaikwad,3,0,157.0,383.40000000000003,214.33333333333334,0.0
2026-02-24,Bengaluru,Morning,Escalations & Warranty,A3043,Rohit Jain,3,1,120.0,317.6,182.33333333333334,0.3333333333333333
2026-02-24,Bengaluru,Morning,Logistics,A3031,Om Malhotra,5,1,186.0,320.8,211.0,0.2
2026-02-24,Bengaluru,Morning,Returns Desk,A3037,Rahul Sen,6,3,215.5,564.5,261.0,0.5
2026-02-24,Bengaluru,Morning,Voice Frontline,A3024,Kunal Khanna,2,0,78.0,80.4,78.0,0.0
2026-02-24,Bengaluru,Morning,Voice Frontline,A3025,Lobsang Rao,4,1,81.5,137.8,86.25,0.25
2026-02-24,Indore,Day,Chat Frontline,A3002,Tarun Mishra,8,0,3.5,29.499999999999996,10.25,0.0
2026-02-24,Indore,Day,Escalations & Warranty,A3041,Riya Fernandes,1,0,79.0,79.0,79.0,0.0
2026-02-24,Indore,Day,Logistics,A3027,Dev Chatterjee,4,1,92.5,311.50000000000006,150.25,0.25
2026-02-24,Indore,Morning,Billing,A3032,Aadhya Sheikh,5,1,117.0,424.6,189.2,0.2
2026-02-24,Indore,Morning,Chat Frontline,A3008,Steven Kaur,5,4,20.0,460.4,187.8,0.8
2026-02-24,Indore,Morning,Chat Frontline,A3010,Neha Chatterjee,4,3,20.0,352.4000000000001,134.25,0.75
2026-02-24,Indore,Morning,Chat Frontline,A3011,Karan Roy,3,2,23.0,247.0,111.0,0.6666666666666666
2026-02-24,Indore,Morning,Chat Frontline,A3013,Ritika Chatterjee,3,1,8.0,254.4,108.33333333333333,0.3333333333333333
2026-02-24,Indore,Morning,Logistics,A3028,Krishna Kaur,7,4,378.0,494.20000000000005,275.0,0.5714285714285714
2026-03-03,Bengaluru,Day,Billing,A3034,Thomas Patel,9,1,17.0,100.80000000000001,40.55555555555556,0.1111111111111111
2026-03-03,Bengaluru,Day,Chat Frontline,A3004,Krishna Naidu,2,0,185.0,330.6,185.0,0.0
2026-03-03,Bengaluru,Day,Chat Frontline,A3006,Lakshmi Reddy,4,1,8.5,15.900000000000002,10.0,0.25
2026-03-03,Bengaluru,Day,Chat Frontline,A3012,Lakshmi Sethi,5,1,34.0,183.40000000000003,75.8,0.2
2026-03-03,Bengaluru,Day,Chat Frontline,A3015,Yash Agarwal,2,0,2.5,3.7,2.5,0.0
2026-03-03,Bengaluru,Day,Email Frontline,A3020,Ramesh Ghosh,1,0,17.0,17.0,17.0,0.0
2026-03-03,Bengaluru,Day,Email Frontline,A3021,Aditya Dhillon,2,0,148.5,175.3,148.5,0.0
2026-03-03,Bengaluru,Day,Email Frontline,A3022,Steven Tiwari,5,0,140.0,222.0,142.8,0.0
2026-03-03,Bengaluru,Day,Escalations & Warranty,A3040,Thomas Arora,2,0,86.0,151.6,86.0,0.0
2026-03-03,Bengaluru,Day,Escalations & Warranty,A3042,Steven Chopra,2,0,172.5,308.9,172.5,0.0
2026-03-03,Bengaluru,Day,Escalations & Warranty,A3044,Kunal Malhotra,2,1,18.5,30.900000000000002,18.5,0.5
2026-03-03,Bengaluru,Day,Logistics,A3029,Rajat Iyer,7,0,15.0,213.40000000000006,72.57142857142857,0.0
2026-03-03,Bengaluru,Day,Logistics,A3030,Sunita Srivastava,7,1,16.0,465.0000000000001,162.0,0.14285714285714285
2026-03-03,Bengaluru,Day,Returns Desk,A3036,Rohit Shinde,1,0,3.0,3.0,3.0,0.0
2026-03-03,Bengaluru,Day,Returns Desk,A3038,Amit Yadav,9,2,15.0,84.20000000000002,32.333333333333336,0.2222222222222222
2026-03-03,Bengaluru,Day,Voice Frontline,A3023,Rahul Khanna,2,0,39.0,50.2,39.0,0.0
2026-03-03,Bengaluru,Day,Voice Frontline,A3026,Lakshmi Qureshi,2,0,26.0,29.2,26.0,0.0
2026-03-03,Bengaluru,Morning,Billing,A3033,Amit Kulkarni,5,1,22.0,441.4000000000001,161.6,0.2
2026-03-03,Bengaluru,Morning,Billing,A3035,Rohit Mukherjee,6,4,253.5,607.5,298.0,0.6666666666666666
2026-03-03,Bengaluru,Morning,Chat Frontline,A3005,Sameer Joshi,6,0,6.5,53.0,21.166666666666668,0.0
2026-03-03,Bengaluru,Morning,Chat Frontline,A3007,Neha Gaikwad,3,2,294.0,514.8,289.0,0.6666666666666666
2026-03-03,Bengaluru,Morning,Chat Frontline,A3009,Ramesh Patel,4,1,48.0,215.20000000000005,96.25,0.25
2026-03-03,Bengaluru,Morning,Chat Frontline,A3014,Diya Patil,4,2,118.0,415.80000000000007,183.5,0.5
2026-03-03,Bengaluru,Morning,Email Frontline,A3018,Farah Sheikh,7,2,257.0,565.4,332.14285714285717,0.2857142857142857
2026-03-03,Bengaluru,Morning,Email Frontline,A3019,Sai Sandhu,10,2,341.0,554.5999999999998,369.9,0.2
2026-03-03,Bengaluru,Morning,Escalations & Warranty,A3039,Riya Gaikwad,3,2,542.0,654.0,408.3333333333333,0.6666666666666666
2026-03-03,Bengaluru,Morning,Escalations & Warranty,A3043,Rohit Jain,1,0,7.0,7.0,7.0,0.0
2026-03-03,Bengaluru,Morning,Logistics,A3031,Om Malhotra,2,1,284.5,484.90000000000003,284.5,0.5
2026-03-03,Bengaluru,Morning,Returns Desk,A3037,Rahul Sen,8,1,24.5,259.4,95.25,0.125
2026-03-03,Bengaluru,Morning,Voice Frontline,A3024,Kunal Khanna,1,0,22.0,22.0,22.0,0.0
2026-03-03,Bengaluru,Morning,Voice Frontline,A3025,Lobsang Rao,1,1,148.0,148.0,148.0,1.0
2026-03-03,Indore,Day,Chat Frontline,A3002,Tarun Mishra,2,0,4.5,6.5,4.5,0.0
2026-03-03,Indore,Day,Chat Frontline,A3003,Harpreet Deshpande,5,0,4.0,6.800000000000001,4.0,0.0
2026-03-03,Indore,Day,Escalations & Warranty,A3041,Riya Fernandes,3,0,44.0,52.0,33.0,0.0
2026-03-03,Indore,Day,Logistics,A3027,Dev Chatterjee,9,0,7.0,25.200000000000003,11.0,0.0
2026-03-03,Indore,Morning,Billing,A3032,Aadhya Sheikh,7,3,392.0,473.20000000000005,268.42857142857144,0.42857142857142855
2026-03-03,Indore,Morning,Chat Frontline,A3008,Steven Kaur,4,3,421.5,453.4,327.25,0.75
2026-03-03,Indore,Morning,Chat Frontline,A3011,Karan Roy,5,3,22.0,454.0,182.8,0.6
2026-03-03,Indore,Morning,Chat Frontline,A3013,Ritika Chatterjee,7,6,404.0,505.6,342.2857142857143,0.8571428571428571
2026-03-03,Indore,Morning,Logistics,A3028,Krishna Kaur,8,5,326.0,578.0,321.75,0.625
2026-03-10,Bengaluru,Day,Billing,A3034,Thomas Patel,11,0,23.0,111.0,55.36363636363637,0.0
2026-03-10,Bengaluru,Day,Chat Frontline,A3004,Krishna Naidu,8,1,3.0,15.399999999999999,5.875,0.125
2026-03-10,Bengaluru,Day,Chat Frontline,A3006,Lakshmi Reddy,5,0,5.0,22.200000000000003,10.0,0.0
2026-03-10,Bengaluru,Day,Chat Frontline,A3012,Lakshmi Sethi,5,2,18.0,178.0,68.4,0.4
2026-03-10,Bengaluru,Day,Chat Frontline,A3015,Yash Agarwal,3,0,3.0,91.0,39.333333333333336,0.0
2026-03-10,Bengaluru,Day,Email Frontline,A3020,Ramesh Ghosh,3,1,207.0,329.4,215.0,0.3333333333333333
2026-03-10,Bengaluru,Day,Email Frontline,A3021,Aditya Dhillon,3,0,119.0,185.4,116.0,0.0
2026-03-10,Bengaluru,Day,Email Frontline,A3022,Steven Tiwari,4,0,261.5,382.5,270.0,0.0
2026-03-10,Bengaluru,Day,Escalations & Warranty,A3040,Thomas Arora,3,0,4.0,262.40000000000003,111.0,0.0
2026-03-10,Bengaluru,Day,Escalations & Warranty,A3042,Steven Chopra,2,0,5.0,8.2,5.0,0.0
2026-03-10,Bengaluru,Day,Escalations & Warranty,A3044,Kunal Malhotra,1,0,250.0,250.0,250.0,0.0
2026-03-10,Bengaluru,Day,Logistics,A3029,Rajat Iyer,3,0,9.0,9.8,8.333333333333334,0.0
2026-03-10,Bengaluru,Day,Logistics,A3030,Sunita Srivastava,5,0,10.0,45.800000000000004,19.4,0.0
2026-03-10,Bengaluru,Day,Returns Desk,A3036,Rohit Shinde,2,0,156.0,280.8,156.0,0.0
2026-03-10,Bengaluru,Day,Returns Desk,A3038,Amit Yadav,5,1,36.0,328.40000000000003,124.0,0.2
2026-03-10,Bengaluru,Day,Voice Frontline,A3023,Rahul Khanna,3,0,45.0,79.4,55.0,0.0
2026-03-10,Bengaluru,Day,Voice Frontline,A3026,Lakshmi Qureshi,2,0,20.5,22.5,20.5,0.0
2026-03-10,Bengaluru,Morning,Billing,A3033,Amit Kulkarni,4,1,246.5,490.6,247.5,0.25
2026-03-10,Bengaluru,Morning,Billing,A3035,Rohit Mukherjee,8,3,66.5,1719.1999999999991,702.125,0.375
2026-03-10,Bengaluru,Morning,Chat Frontline,A3005,Sameer Joshi,3,2,295.0,421.4,250.0,0.6666666666666666
2026-03-10,Bengaluru,Morning,Chat Frontline,A3007,Neha Gaikwad,3,1,27.0,281.40000000000003,124.33333333333333,0.3333333333333333
2026-03-10,Bengaluru,Morning,Chat Frontline,A3009,Ramesh Patel,5,3,60.0,239.60000000000002,104.8,0.6
2026-03-10,Bengaluru,Morning,Email Frontline,A3018,Farah Sheikh,9,4,333.0,612.4,377.3333333333333,0.4444444444444444
2026-03-10,Bengaluru,Morning,Email Frontline,A3019,Sai Sandhu,16,3,284.0,490.0,307.875,0.1875
2026-03-10,Bengaluru,Morning,Escalations & Warranty,A3039,Riya Gaikwad,9,5,189.0,458.0,227.11111111111111,0.5555555555555556
2026-03-10,Bengaluru,Morning,Escalations & Warranty,A3043,Rohit Jain,5,1,40.0,286.6,109.4,0.2
2026-03-10,Bengaluru,Morning,Logistics,A3031,Om Malhotra,4,2,352.0,3340.000000000001,1325.0,0.5
2026-03-10,Bengaluru,Morning,Returns Desk,A3037,Rahul Sen,10,7,428.0,525.6,310.4,0.7
2026-03-10,Bengaluru,Morning,Voice Frontline,A3024,Kunal Khanna,2,0,57.0,64.2,57.0,0.0
2026-03-10,Indore,Day,Chat Frontline,A3003,Harpreet Deshpande,7,0,12.0,59.80000000000004,24.857142857142858,0.0
2026-03-10,Indore,Day,Escalations & Warranty,A3041,Riya Fernandes,1,0,61.0,61.0,61.0,0.0
2026-03-10,Indore,Day,Logistics,A3027,Dev Chatterjee,1,0,72.0,72.0,72.0,0.0
2026-03-10,Indore,Morning,Billing,A3032,Aadhya Sheikh,7,4,261.0,490.6,267.14285714285717,0.5714285714285714
2026-03-10,Indore,Morning,Chat Frontline,A3008,Steven Kaur,2,1,220.5,385.7,220.5,0.5
2026-03-10,Indore,Morning,Chat Frontline,A3010,Neha Chatterjee,5,2,3.0,253.0,93.6,0.4
2026-03-10,Indore,Morning,Chat Frontline,A3011,Karan Roy,2,1,21.0,33.8,21.0,0.5
2026-03-10,Indore,Morning,Chat Frontline,A3013,Ritika Chatterjee,3,1,206.0,230.8,150.66666666666666,0.3333333333333333
2026-03-10,Indore,Morning,Logistics,A3028,Krishna Kaur,9,5,474.0,821.2000000000003,481.22222222222223,0.5555555555555556
2026-03-17,Bengaluru,Day,Billing,A3034,Thomas Patel,9,1,4.0,144.40000000000003,51.0,0.1111111111111111
2026-03-17,Bengaluru,Day,Chat Frontline,A3004,Krishna Naidu,4,0,5.5,49.60000000000001,19.5,0.0
2026-03-17,Bengaluru,Day,Chat Frontline,A3006,Lakshmi Reddy,7,0,4.0,8.4,5.0,0.0
2026-03-17,Bengaluru,Day,Chat Frontline,A3012,Lakshmi Sethi,6,0,6.5,27.5,11.833333333333334,0.0
2026-03-17,Bengaluru,Day,Chat Frontline,A3015,Yash Agarwal,2,0,5.0,5.8,5.0,0.0
2026-03-17,Bengaluru,Day,Email Frontline,A3020,Ramesh Ghosh,6,2,291.5,575.5,316.1666666666667,0.3333333333333333
2026-03-17,Bengaluru,Day,Email Frontline,A3022,Steven Tiwari,3,1,91.0,461.40000000000003,237.66666666666666,0.3333333333333333
2026-03-17,Bengaluru,Day,Escalations & Warranty,A3042,Steven Chopra,1,0,78.0,78.0,78.0,0.0
2026-03-17,Bengaluru,Day,Escalations & Warranty,A3044,Kunal Malhotra,3,0,41.0,134.6,68.33333333333333,0.0
2026-03-17,Bengaluru,Day,Logistics,A3029,Rajat Iyer,3,0,7.0,20.6,11.333333333333334,0.0
2026-03-17,Bengaluru,Day,Logistics,A3030,Sunita Srivastava,3,1,158.0,451.6,243.33333333333334,0.3333333333333333
2026-03-17,Bengaluru,Day,Returns Desk,A3036,Rohit Shinde,3,0,275.0,299.0,204.66666666666666,0.0
2026-03-17,Bengaluru,Day,Returns Desk,A3038,Amit Yadav,8,0,31.5,298.6,114.0,0.0
2026-03-17,Bengaluru,Day,Voice Frontline,A3023,Rahul Khanna,4,0,68.5,100.3,68.25,0.0
2026-03-17,Bengaluru,Day,Voice Frontline,A3026,Lakshmi Qureshi,5,1,105.0,125.8,87.6,0.2
2026-03-17,Bengaluru,Morning,Billing,A3033,Amit Kulkarni,7,0,98.0,241.20000000000002,118.71428571428571,0.0
2026-03-17,Bengaluru,Morning,Billing,A3035,Rohit Mukherjee,6,1,29.0,396.0,142.16666666666666,0.16666666666666666
2026-03-17,Bengaluru,Morning,Chat Frontline,A3005,Sameer Joshi,2,2,376.0,416.8,376.0,1.0
2026-03-17,Bengaluru,Morning,Chat Frontline,A3007,Neha Gaikwad,2,0,7.5,8.7,7.5,0.0
2026-03-17,Bengaluru,Morning,Chat Frontline,A3009,Ramesh Patel,1,1,168.0,168.0,168.0,1.0
2026-03-17,Bengaluru,Morning,Chat Frontline,A3014,Diya Patil,4,2,111.0,401.40000000000003,176.0,0.5
2026-03-17,Bengaluru,Morning,Email Frontline,A3018,Farah Sheikh,11,5,298.0,622.0,359.0,0.45454545454545453
2026-03-17,Bengaluru,Morning,Email Frontline,A3019,Sai Sandhu,13,2,345.0,550.2000000000002,282.38461538461536,0.15384615384615385
2026-03-17,Bengaluru,Morning,Escalations & Warranty,A3039,Riya Gaikwad,4,1,223.5,464.6,231.25,0.25
2026-03-17,Bengaluru,Morning,Escalations & Warranty,A3043,Rohit Jain,6,2,302.5,577.0,298.5,0.3333333333333333
2026-03-17,Bengaluru,Morning,Logistics,A3031,Om Malhotra,6,2,204.5,1124.0,444.8333333333333,0.3333333333333333
2026-03-17,Bengaluru,Morning,Returns Desk,A3037,Rahul Sen,12,2,163.5,470.2,187.16666666666666,0.16666666666666666
2026-03-17,Bengaluru,Morning,Voice Frontline,A3024,Kunal Khanna,4,0,35.0,74.80000000000001,44.5,0.0
2026-03-17,Bengaluru,Morning,Voice Frontline,A3025,Lobsang Rao,2,0,19.5,27.1,19.5,0.0
2026-03-17,Indore,Day,Chat Frontline,A3002,Tarun Mishra,1,0,2.0,2.0,2.0,0.0
2026-03-17,Indore,Day,Chat Frontline,A3003,Harpreet Deshpande,3,0,2.0,2.0,1.6666666666666667,0.0
2026-03-17,Indore,Day,Escalations & Warranty,A3041,Riya Fernandes,1,1,1238.0,1238.0,1238.0,1.0
2026-03-17,Indore,Day,Logistics,A3027,Dev Chatterjee,5,0,20.0,25.4,14.8,0.0
2026-03-17,Indore,Morning,Billing,A3032,Aadhya Sheikh,8,8,399.0,547.2,403.75,1.0
2026-03-17,Indore,Morning,Chat Frontline,A3008,Steven Kaur,7,2,6.0,497.8,146.14285714285714,0.2857142857142857
2026-03-17,Indore,Morning,Chat Frontline,A3010,Neha Chatterjee,8,3,5.5,529.7,191.875,0.375
2026-03-17,Indore,Morning,Chat Frontline,A3011,Karan Roy,2,1,249.5,444.3,249.5,0.5
2026-03-17,Indore,Morning,Logistics,A3028,Krishna Kaur,3,3,550.0,620.4,429.6666666666667,1.0
2026-03-24,Bengaluru,Day,Billing,A3034,Thomas Patel,12,2,35.0,70.10000000000001,44.333333333333336,0.16666666666666666
2026-03-24,Bengaluru,Day,Chat Frontline,A3004,Krishna Naidu,2,0,95.0,167.0,95.0,0.0
2026-03-24,Bengaluru,Day,Chat Frontline,A3006,Lakshmi Reddy,3,1,5.0,20.200000000000003,11.333333333333334,0.3333333333333333
2026-03-24,Bengaluru,Day,Chat Frontline,A3012,Lakshmi Sethi,4,1,72.0,280.6,123.75,0.25
2026-03-24,Bengaluru,Day,Chat Frontline,A3015,Yash Agarwal,2,0,2.0,2.0,2.0,0.0
2026-03-24,Bengaluru,Day,Email Frontline,A3020,Ramesh Ghosh,3,0,214.0,259.6,195.0,0.0
2026-03-24,Bengaluru,Day,Email Frontline,A3021,Aditya Dhillon,1,0,157.0,157.0,157.0,0.0
2026-03-24,Bengaluru,Day,Email Frontline,A3022,Steven Tiwari,2,0,107.0,135.0,107.0,0.0
2026-03-24,Bengaluru,Day,Escalations & Warranty,A3042,Steven Chopra,1,0,6.0,6.0,6.0,0.0
2026-03-24,Bengaluru,Day,Escalations & Warranty,A3044,Kunal Malhotra,2,0,4.0,7.2,4.0,0.0
2026-03-24,Bengaluru,Day,Logistics,A3029,Rajat Iyer,7,1,32.0,126.40000000000006,55.714285714285715,0.14285714285714285
2026-03-24,Bengaluru,Day,Logistics,A3030,Sunita Srivastava,5,0,48.0,281.6,112.4,0.0
2026-03-24,Bengaluru,Day,Returns Desk,A3036,Rohit Shinde,2,1,286.5,487.7,286.5,0.5
2026-03-24,Bengaluru,Day,Returns Desk,A3038,Amit Yadav,2,0,8.0,12.8,8.0,0.0
2026-03-24,Bengaluru,Day,Voice Frontline,A3023,Rahul Khanna,2,0,65.0,80.2,65.0,0.0
2026-03-24,Bengaluru,Day,Voice Frontline,A3026,Lakshmi Qureshi,2,0,19.0,27.0,19.0,0.0
2026-03-24,Bengaluru,Morning,Billing,A3033,Amit Kulkarni,3,1,24.0,432.8,186.66666666666666,0.3333333333333333
2026-03-24,Bengaluru,Morning,Billing,A3035,Rohit Mukherjee,10,4,65.0,504.0,202.4,0.4
2026-03-24,Bengaluru,Morning,Chat Frontline,A3005,Sameer Joshi,4,1,93.0,299.00000000000006,142.75,0.25
2026-03-24,Bengaluru,Morning,Chat Frontline,A3007,Neha Gaikwad,2,1,209.0,370.6,209.0,0.5
2026-03-24,Bengaluru,Morning,Chat Frontline,A3009,Ramesh Patel,1,0,44.0,44.0,44.0,0.0
2026-03-24,Bengaluru,Morning,Chat Frontline,A3014,Diya Patil,6,4,332.5,474.0,285.0,0.6666666666666666
2026-03-24,Bengaluru,Morning,Email Frontline,A3018,Farah Sheikh,5,2,392.0,579.0,352.2,0.4
2026-03-24,Bengaluru,Morning,Email Frontline,A3019,Sai Sandhu,7,1,203.0,457.00000000000006,258.0,0.14285714285714285
2026-03-24,Bengaluru,Morning,Escalations & Warranty,A3039,Riya Gaikwad,5,3,363.0,573.2,375.8,0.6
2026-03-24,Bengaluru,Morning,Escalations & Warranty,A3043,Rohit Jain,2,2,399.0,597.4,399.0,1.0
2026-03-24,Bengaluru,Morning,Logistics,A3031,Om Malhotra,3,1,77.0,421.8,195.33333333333334,0.3333333333333333
2026-03-24,Bengaluru,Morning,Returns Desk,A3037,Rahul Sen,7,5,494.0,505.0,301.0,0.7142857142857143
2026-03-24,Bengaluru,Morning,Voice Frontline,A3024,Kunal Khanna,5,0,50.0,77.0,46.6,0.0
2026-03-24,Bengaluru,Morning,Voice Frontline,A3025,Lobsang Rao,5,0,39.0,74.4,43.4,0.0
2026-03-24,Indore,Day,Chat Frontline,A3002,Tarun Mishra,6,0,12.0,87.5,35.166666666666664,0.0
2026-03-24,Indore,Day,Chat Frontline,A3003,Harpreet Deshpande,6,0,3.5,79.5,28.333333333333332,0.0
2026-03-24,Indore,Day,Escalations & Warranty,A3041,Riya Fernandes,2,0,209.0,270.6,209.0,0.0
2026-03-24,Indore,Day,Logistics,A3027,Dev Chatterjee,4,0,7.0,11.5,7.5,0.0
2026-03-24,Indore,Morning,Billing,A3032,Aadhya Sheikh,5,3,485.0,595.0,347.2,0.6
2026-03-24,Indore,Morning,Chat Frontline,A3008,Steven Kaur,5,1,29.0,264.20000000000005,104.0,0.2
2026-03-24,Indore,Morning,Chat Frontline,A3010,Neha Chatterjee,3,2,363.0,371.8,249.0,0.6666666666666666
2026-03-24,Indore,Morning,Chat Frontline,A3011,Karan Roy,5,2,29.0,332.0,124.6,0.4
2026-03-24,Indore,Morning,Chat Frontline,A3013,Ritika Chatterjee,4,1,214.0,428.20000000000005,226.0,0.25
2026-03-24,Indore,Morning,Logistics,A3028,Krishna Kaur,4,1,173.5,410.30000000000007,215.0,0.25
2026-03-31,Bengaluru,Day,Billing,A3034,Thomas Patel,12,1,104.5,236.5,119.83333333333333,0.08333333333333333
2026-03-31,Bengaluru,Day,Chat Frontline,A3004,Krishna Naidu,5,1,8.0,19.2,10.8,0.2
2026-03-31,Bengaluru,Day,Chat Frontline,A3006,Lakshmi Reddy,5,1,4.0,15.8,7.6,0.2
2026-03-31,Bengaluru,Day,Chat Frontline,A3012,Lakshmi Sethi,2,2,21.5,25.1,21.5,1.0
2026-03-31,Bengaluru,Day,Chat Frontline,A3015,Yash Agarwal,2,0,4.0,4.8,4.0,0.0
2026-03-31,Bengaluru,Day,Email Frontline,A3021,Aditya Dhillon,6,0,85.5,374.5,168.33333333333334,0.0
2026-03-31,Bengaluru,Day,Email Frontline,A3022,Steven Tiwari,9,1,106.0,315.80000000000007,164.0,0.1111111111111111
2026-03-31,Bengaluru,Day,Escalations & Warranty,A3044,Kunal Malhotra,2,1,10.5,16.5,10.5,0.5
2026-03-31,Bengaluru,Day,Logistics,A3029,Rajat Iyer,2,0,57.5,97.9,57.5,0.0
2026-03-31,Bengaluru,Day,Logistics,A3030,Sunita Srivastava,6,1,9.0,355.0,122.0,0.16666666666666666
2026-03-31,Bengaluru,Day,Returns Desk,A3036,Rohit Shinde,1,0,80.0,80.0,80.0,0.0
2026-03-31,Bengaluru,Day,Returns Desk,A3038,Amit Yadav,1,0,17.0,17.0,17.0,0.0
2026-03-31,Bengaluru,Day,Voice Frontline,A3023,Rahul Khanna,4,1,39.5,101.70000000000002,58.75,0.25
2026-03-31,Bengaluru,Day,Voice Frontline,A3026,Lakshmi Qureshi,1,0,17.0,17.0,17.0,0.0
2026-03-31,Bengaluru,Morning,Billing,A3033,Amit Kulkarni,5,2,95.0,379.0,182.2,0.4
2026-03-31,Bengaluru,Morning,Billing,A3035,Rohit Mukherjee,7,3,178.0,499.8,259.0,0.42857142857142855
2026-03-31,Bengaluru,Morning,Chat Frontline,A3005,Sameer Joshi,7,5,264.0,374.0,198.42857142857142,0.7142857142857143
2026-03-31,Bengaluru,Morning,Chat Frontline,A3007,Neha Gaikwad,1,1,500.0,500.0,500.0,1.0
2026-03-31,Bengaluru,Morning,Chat Frontline,A3009,Ramesh Patel,4,2,192.5,489.40000000000003,231.25,0.5
2026-03-31,Bengaluru,Morning,Chat Frontline,A3014,Diya Patil,3,0,11.0,48.6,24.333333333333332,0.0
2026-03-31,Bengaluru,Morning,Email Frontline,A3018,Farah Sheikh,13,5,414.0,633.6,415.2307692307692,0.38461538461538464
2026-03-31,Bengaluru,Morning,Email Frontline,A3019,Sai Sandhu,13,7,488.0,604.8,342.3076923076923,0.5384615384615384
2026-03-31,Bengaluru,Morning,Escalations & Warranty,A3039,Riya Gaikwad,4,3,285.5,448.20000000000005,279.0,0.75
2026-03-31,Bengaluru,Morning,Logistics,A3031,Om Malhotra,15,4,114.0,481.2,182.4,0.26666666666666666
2026-03-31,Bengaluru,Morning,Returns Desk,A3037,Rahul Sen,6,2,157.0,556.0,238.83333333333334,0.3333333333333333
2026-03-31,Bengaluru,Morning,Voice Frontline,A3024,Kunal Khanna,2,0,29.0,40.2,29.0,0.0
2026-03-31,Indore,Day,Chat Frontline,A3002,Tarun Mishra,4,1,14.0,49.60000000000001,24.25,0.25
2026-03-31,Indore,Day,Chat Frontline,A3003,Harpreet Deshpande,2,0,1.5,1.9,1.5,0.0
2026-03-31,Indore,Day,Logistics,A3027,Dev Chatterjee,6,1,73.0,170.0,81.5,0.16666666666666666
2026-03-31,Indore,Morning,Billing,A3032,Aadhya Sheikh,1,0,2.0,2.0,2.0,0.0
2026-03-31,Indore,Morning,Chat Frontline,A3008,Steven Kaur,1,0,6.0,6.0,6.0,0.0
2026-03-31,Indore,Morning,Chat Frontline,A3010,Neha Chatterjee,1,0,6.0,6.0,6.0,0.0
2026-03-31,Indore,Morning,Chat Frontline,A3011,Karan Roy,4,3,251.0,467.3,249.5,0.75
2026-03-31,Indore,Morning,Chat Frontline,A3013,Ritika Chatterjee,5,2,3.0,370.6,143.4,0.4
2026-03-31,Indore,Morning,Logistics,A3028,Krishna Kaur,5,1,4.0,254.20000000000005,87.4,0.2
2026-04-07,Bengaluru,Day,Billing,A3034,Thomas Patel,11,1,65.0,168.0,76.63636363636364,0.09090909090909091
2026-04-07,Bengaluru,Day,Chat Frontline,A3004,Krishna Naidu,1,0,2.0,2.0,2.0,0.0
2026-04-07,Bengaluru,Day,Chat Frontline,A3006,Lakshmi Reddy,5,1,4.0,304.6,103.8,0.2
2026-04-07,Bengaluru,Day,Chat Frontline,A3012,Lakshmi Sethi,2,0,12.5,12.9,12.5,0.0
2026-04-07,Bengaluru,Day,Chat Frontline,A3015,Yash Agarwal,2,0,6.0,7.6,6.0,0.0
2026-04-07,Bengaluru,Day,Email Frontline,A3020,Ramesh Ghosh,6,1,395.5,561.0,426.3333333333333,0.16666666666666666
2026-04-07,Bengaluru,Day,Email Frontline,A3021,Aditya Dhillon,6,0,82.0,240.0,109.33333333333333,0.0
2026-04-07,Bengaluru,Day,Email Frontline,A3022,Steven Tiwari,2,0,114.0,115.6,114.0,0.0
2026-04-07,Bengaluru,Day,Escalations & Warranty,A3044,Kunal Malhotra,2,0,104.0,112.8,104.0,0.0
2026-04-07,Bengaluru,Day,Logistics,A3029,Rajat Iyer,1,0,2.0,2.0,2.0,0.0
2026-04-07,Bengaluru,Day,Logistics,A3030,Sunita Srivastava,4,1,5.0,395.2000000000001,144.0,0.25
2026-04-07,Bengaluru,Day,Returns Desk,A3036,Rohit Shinde,2,0,77.5,134.7,77.5,0.0
2026-04-07,Bengaluru,Day,Returns Desk,A3038,Amit Yadav,3,0,10.0,86.0,40.333333333333336,0.0
2026-04-07,Bengaluru,Day,Voice Frontline,A3023,Rahul Khanna,8,2,42.0,193.09999999999997,82.875,0.25
2026-04-07,Bengaluru,Day,Voice Frontline,A3026,Lakshmi Qureshi,2,0,17.0,25.8,17.0,0.0
2026-04-07,Bengaluru,Morning,Billing,A3033,Amit Kulkarni,4,3,432.5,743.9000000000001,453.75,0.75
2026-04-07,Bengaluru,Morning,Billing,A3035,Rohit Mukherjee,5,3,465.0,489.4,304.8,0.6
2026-04-07,Bengaluru,Morning,Chat Frontline,A3005,Sameer Joshi,4,2,172.5,503.70000000000005,230.75,0.5
2026-04-07,Bengaluru,Morning,Chat Frontline,A3007,Neha Gaikwad,3,1,21.0,99.4,47.0,0.3333333333333333
2026-04-07,Bengaluru,Morning,Chat Frontline,A3009,Ramesh Patel,2,0,21.0,34.6,21.0,0.0
2026-04-07,Bengaluru,Morning,Chat Frontline,A3014,Diya Patil,5,2,5.0,507.8,204.2,0.4
2026-04-07,Bengaluru,Morning,Email Frontline,A3018,Farah Sheikh,13,5,337.0,719.6000000000001,411.53846153846155,0.38461538461538464
2026-04-07,Bengaluru,Morning,Email Frontline,A3019,Sai Sandhu,6,1,251.0,709.5,353.6666666666667,0.16666666666666666
2026-04-07,Bengaluru,Morning,Escalations & Warranty,A3039,Riya Gaikwad,4,1,153.5,430.50000000000006,202.75,0.25
2026-04-07,Bengaluru,Morning,Escalations & Warranty,A3043,Rohit Jain,3,2,398.0,454.8,302.6666666666667,0.6666666666666666
2026-04-07,Bengaluru,Morning,Logistics,A3031,Om Malhotra,7,1,52.0,274.4000000000001,112.71428571428571,0.14285714285714285
2026-04-07,Bengaluru,Morning,Returns Desk,A3037,Rahul Sen,6,2,150.5,302.5,161.16666666666666,0.3333333333333333
2026-04-07,Bengaluru,Morning,Voice Frontline,A3024,Kunal Khanna,2,1,102.5,161.3,102.5,0.5
2026-04-07,Indore,Day,Chat Frontline,A3002,Tarun Mishra,4,0,6.5,15.000000000000002,8.25,0.0
2026-04-07,Indore,Day,Chat Frontline,A3003,Harpreet Deshpande,3,1,19.0,28.6,20.333333333333332,0.3333333333333333
2026-04-07,Indore,Day,Escalations & Warranty,A3041,Riya Fernandes,2,0,13.5,23.5,13.5,0.0
2026-04-07,Indore,Day,Logistics,A3027,Dev Chatterjee,7,0,80.0,411.40000000000003,151.42857142857142,0.0
2026-04-07,Indore,Morning,Billing,A3032,Aadhya Sheikh,5,1,47.0,459.6,183.0,0.2
2026-04-07,Indore,Morning,Chat Frontline,A3008,Steven Kaur,5,2,63.0,536.0,225.0,0.4
2026-04-07,Indore,Morning,Chat Frontline,A3010,Neha Chatterjee,4,3,211.5,430.30000000000007,234.0,0.75
2026-04-07,Indore,Morning,Chat Frontline,A3011,Karan Roy,2,1,135.0,238.20000000000002,135.0,0.5
2026-04-07,Indore,Morning,Chat Frontline,A3013,Ritika Chatterjee,4,1,70.5,384.1000000000001,158.25,0.25
2026-04-07,Indore,Morning,Logistics,A3028,Krishna Kaur,8,3,94.0,261.5999999999999,126.75,0.375
2026-04-14,Bengaluru,Day,Billing,A3034,Thomas Patel,8,2,40.5,376.99999999999994,139.0,0.25
2026-04-14,Bengaluru,Day,Chat Frontline,A3004,Krishna Naidu,5,1,6.0,197.20000000000005,68.0,0.2
2026-04-14,Bengaluru,Day,Chat Frontline,A3006,Lakshmi Reddy,6,0,2.0,66.0,23.166666666666668,0.0
2026-04-14,Bengaluru,Day,Chat Frontline,A3012,Lakshmi Sethi,4,0,3.0,28.100000000000005,11.25,0.0
2026-04-14,Bengaluru,Day,Chat Frontline,A3015,Yash Agarwal,3,0,14.0,71.60000000000001,34.333333333333336,0.0
2026-04-14,Bengaluru,Day,Email Frontline,A3020,Ramesh Ghosh,5,0,120.0,258.2,146.0,0.0
2026-04-14,Bengaluru,Day,Email Frontline,A3021,Aditya Dhillon,5,0,190.0,283.40000000000003,172.2,0.0
2026-04-14,Bengaluru,Day,Email Frontline,A3022,Steven Tiwari,5,0,123.0,209.60000000000002,138.6,0.0
2026-04-14,Bengaluru,Day,Escalations & Warranty,A3040,Thomas Arora,2,1,73.0,123.4,73.0,0.5
2026-04-14,Bengaluru,Day,Escalations & Warranty,A3044,Kunal Malhotra,1,0,42.0,42.0,42.0,0.0
2026-04-14,Bengaluru,Day,Logistics,A3029,Rajat Iyer,4,2,126.5,377.20000000000005,189.0,0.5
2026-04-14,Bengaluru,Day,Logistics,A3030,Sunita Srivastava,5,1,28.0,344.0,142.0,0.2
2026-04-14,Bengaluru,Day,Returns Desk,A3036,Rohit Shinde,1,0,6.0,6.0,6.0,0.0
2026-04-14,Bengaluru,Day,Returns Desk,A3038,Amit Yadav,3,1,5.0,51.400000000000006,22.666666666666668,0.3333333333333333
2026-04-14,Bengaluru,Day,Voice Frontline,A3023,Rahul Khanna,7,0,32.0,66.60000000000001,39.42857142857143,0.0
2026-04-14,Bengaluru,Day,Voice Frontline,A3026,Lakshmi Qureshi,2,0,49.5,65.1,49.5,0.0
2026-04-14,Bengaluru,Morning,Billing,A3033,Amit Kulkarni,8,2,301.5,585.4,306.625,0.25
2026-04-14,Bengaluru,Morning,Billing,A3035,Rohit Mukherjee,7,3,151.0,413.0,218.14285714285714,0.42857142857142855
2026-04-14,Bengaluru,Morning,Chat Frontline,A3009,Ramesh Patel,1,1,173.0,173.0,173.0,1.0
2026-04-14,Bengaluru,Morning,Chat Frontline,A3014,Diya Patil,5,1,7.0,315.00000000000006,108.4,0.2
2026-04-14,Bengaluru,Morning,Email Frontline,A3018,Farah Sheikh,8,3,320.5,627.1,404.0,0.375
2026-04-14,Bengaluru,Morning,Email Frontline,A3019,Sai Sandhu,9,3,269.0,587.4,323.1111111111111,0.3333333333333333
2026-04-14,Bengaluru,Morning,Escalations & Warranty,A3039,Riya Gaikwad,7,2,56.0,527.6,198.57142857142858,0.2857142857142857
2026-04-14,Bengaluru,Morning,Logistics,A3031,Om Malhotra,10,5,260.0,605.4999999999999,307.0,0.5
2026-04-14,Bengaluru,Morning,Returns Desk,A3037,Rahul Sen,12,4,84.0,513.6,192.0,0.3333333333333333
2026-04-14,Bengaluru,Morning,Voice Frontline,A3024,Kunal Khanna,4,0,30.5,49.900000000000006,32.75,0.0
2026-04-14,Bengaluru,Morning,Voice Frontline,A3025,Lobsang Rao,2,0,26.5,44.5,26.5,0.0
2026-04-14,Indore,Day,Chat Frontline,A3002,Tarun Mishra,3,0,3.0,3.8,3.0,0.0
2026-04-14,Indore,Day,Chat Frontline,A3003,Harpreet Deshpande,2,1,15.0,19.0,15.0,0.5
2026-04-14,Indore,Day,Escalations & Warranty,A3041,Riya Fernandes,1,0,2.0,2.0,2.0,0.0
2026-04-14,Indore,Day,Logistics,A3027,Dev Chatterjee,5,0,104.0,212.0,104.8,0.0
2026-04-14,Indore,Morning,Billing,A3032,Aadhya Sheikh,7,2,72.0,543.4,203.42857142857142,0.2857142857142857
2026-04-14,Indore,Morning,Chat Frontline,A3008,Steven Kaur,3,3,437.0,454.6,441.3333333333333,1.0
2026-04-14,Indore,Morning,Chat Frontline,A3011,Karan Roy,3,1,61.0,387.40000000000003,177.66666666666666,0.3333333333333333
2026-04-14,Indore,Morning,Chat Frontline,A3013,Ritika Chatterjee,3,2,200.0,432.0,234.33333333333334,0.6666666666666666
2026-04-14,Indore,Morning,Logistics,A3028,Krishna Kaur,5,4,406.0,648.6,404.4,0.8
2026-04-21,Bengaluru,Day,Billing,A3034,Thomas Patel,11,2,13.0,112.0,50.36363636363637,0.18181818181818182
2026-04-21,Bengaluru,Day,Chat Frontline,A3004,Krishna Naidu,1,0,34.0,34.0,34.0,0.0
2026-04-21,Bengaluru,Day,Chat Frontline,A3006,Lakshmi Reddy,3,0,117.0,164.2,98.33333333333333,0.0
2026-04-21,Bengaluru,Day,Chat Frontline,A3012,Lakshmi Sethi,5,1,6.0,13.4,7.6,0.2
2026-04-21,Bengaluru,Day,Chat Frontline,A3015,Yash Agarwal,5,1,15.0,71.20000000000002,29.2,0.2
2026-04-21,Bengaluru,Day,Email Frontline,A3020,Ramesh Ghosh,1,0,429.0,429.0,429.0,0.0
2026-04-21,Bengaluru,Day,Email Frontline,A3021,Aditya Dhillon,4,1,48.5,335.20000000000005,145.0,0.25
2026-04-21,Bengaluru,Day,Email Frontline,A3022,Steven Tiwari,6,0,256.5,397.0,256.5,0.0
2026-04-21,Bengaluru,Day,Escalations & Warranty,A3040,Thomas Arora,2,0,6.5,7.7,6.5,0.0
2026-04-21,Bengaluru,Day,Escalations & Warranty,A3042,Steven Chopra,1,1,1586.0,1586.0,1586.0,1.0
2026-04-21,Bengaluru,Day,Escalations & Warranty,A3044,Kunal Malhotra,1,0,2.0,2.0,2.0,0.0
2026-04-21,Bengaluru,Day,Logistics,A3029,Rajat Iyer,3,0,45.0,75.4,45.666666666666664,0.0
2026-04-21,Bengaluru,Day,Logistics,A3030,Sunita Srivastava,6,0,102.0,280.5,129.0,0.0
2026-04-21,Bengaluru,Day,Returns Desk,A3036,Rohit Shinde,3,0,1.0,100.2,42.0,0.0
2026-04-21,Bengaluru,Day,Returns Desk,A3038,Amit Yadav,4,0,22.5,240.40000000000003,92.75,0.0
2026-04-21,Bengaluru,Day,Voice Frontline,A3023,Rahul Khanna,6,2,51.5,164.5,80.0,0.3333333333333333
2026-04-21,Bengaluru,Morning,Billing,A3033,Amit Kulkarni,4,3,346.5,496.40000000000003,305.75,0.75
2026-04-21,Bengaluru,Morning,Billing,A3035,Rohit Mukherjee,8,2,11.0,504.7,185.5,0.25
2026-04-21,Bengaluru,Morning,Chat Frontline,A3005,Sameer Joshi,5,3,20.0,308.8,127.6,0.6
2026-04-21,Bengaluru,Morning,Chat Frontline,A3007,Neha Gaikwad,3,2,392.0,466.4,296.3333333333333,0.6666666666666666
2026-04-21,Bengaluru,Morning,Chat Frontline,A3009,Ramesh Patel,7,3,10.0,454.6,175.85714285714286,0.42857142857142855
2026-04-21,Bengaluru,Morning,Chat Frontline,A3014,Diya Patil,3,3,462.0,467.6,443.0,1.0
2026-04-21,Bengaluru,Morning,Email Frontline,A3018,Farah Sheikh,11,5,478.0,596.0,413.3636363636364,0.45454545454545453
2026-04-21,Bengaluru,Morning,Email Frontline,A3019,Sai Sandhu,5,1,204.0,467.8,265.4,0.2
2026-04-21,Bengaluru,Morning,Escalations & Warranty,A3039,Riya Gaikwad,1,1,21.0,21.0,21.0,1.0
2026-04-21,Bengaluru,Morning,Escalations & Warranty,A3043,Rohit Jain,3,2,433.0,462.6,348.3333333333333,0.6666666666666666
2026-04-21,Bengaluru,Morning,Logistics,A3031,Om Malhotra,7,1,222.0,356.00000000000006,208.14285714285714,0.14285714285714285
2026-04-21,Bengaluru,Morning,Returns Desk,A3037,Rahul Sen,6,2,175.5,479.0,229.16666666666666,0.3333333333333333
2026-04-21,Bengaluru,Morning,Voice Frontline,A3024,Kunal Khanna,3,1,39.0,153.4,76.66666666666667,0.3333333333333333
2026-04-21,Bengaluru,Morning,Voice Frontline,A3025,Lobsang Rao,4,2,87.5,191.10000000000002,103.75,0.5
2026-04-21,Indore,Day,Chat Frontline,A3002,Tarun Mishra,3,0,32.0,56.0,32.0,0.0
2026-04-21,Indore,Day,Chat Frontline,A3003,Harpreet Deshpande,3,0,7.0,7.8,6.333333333333333,0.0
2026-04-21,Indore,Day,Logistics,A3027,Dev Chatterjee,2,0,0.5,0.9,0.5,0.0
2026-04-21,Indore,Morning,Billing,A3032,Aadhya Sheikh,5,0,27.0,163.20000000000002,66.0,0.0
2026-04-21,Indore,Morning,Chat Frontline,A3008,Steven Kaur,4,2,217.0,464.2,228.25,0.5
2026-04-21,Indore,Morning,Chat Frontline,A3010,Neha Chatterjee,7,5,206.0,473.40000000000003,212.57142857142858,0.7142857142857143
2026-04-21,Indore,Morning,Chat Frontline,A3011,Karan Roy,4,1,2.0,337.6000000000001,121.25,0.25
2026-04-21,Indore,Morning,Chat Frontline,A3013,Ritika Chatterjee,5,3,401.0,464.6,298.4,0.6
2026-04-21,Indore,Morning,Logistics,A3028,Krishna Kaur,10,1,12.0,131.3999999999999,63.5,0.1
2026-04-28,Bengaluru,Day,Billing,A3034,Thomas Patel,8,2,32.5,283.29999999999995,101.375,0.25
2026-04-28,Bengaluru,Day,Chat Frontline,A3004,Krishna Naidu,7,0,11.0,114.00000000000006,42.0,0.0
2026-04-28,Bengaluru,Day,Chat Frontline,A3006,Lakshmi Reddy,2,0,42.5,74.1,42.5,0.0
2026-04-28,Bengaluru,Day,Chat Frontline,A3012,Lakshmi Sethi,3,0,2.0,2.8,2.3333333333333335,0.0
2026-04-28,Bengaluru,Day,Chat Frontline,A3015,Yash Agarwal,1,0,7.0,7.0,7.0,0.0
2026-04-28,Bengaluru,Day,Email Frontline,A3020,Ramesh Ghosh,4,0,250.5,382.8,277.75,0.0
2026-04-28,Bengaluru,Day,Email Frontline,A3021,Aditya Dhillon,5,0,90.0,137.4,96.4,0.0
2026-04-28,Bengaluru,Day,Email Frontline,A3022,Steven Tiwari,6,1,130.0,344.5,185.0,0.16666666666666666
2026-04-28,Bengaluru,Day,Escalations & Warranty,A3042,Steven Chopra,2,0,52.0,92.0,52.0,0.0
2026-04-28,Bengaluru,Day,Escalations & Warranty,A3044,Kunal Malhotra,2,0,50.5,80.5,50.5,0.0
2026-04-28,Bengaluru,Day,Logistics,A3029,Rajat Iyer,8,0,60.5,261.1,112.875,0.0
2026-04-28,Bengaluru,Day,Logistics,A3030,Sunita Srivastava,2,0,27.5,48.7,27.5,0.0
2026-04-28,Bengaluru,Day,Returns Desk,A3036,Rohit Shinde,4,1,257.5,508.90000000000003,271.5,0.25
2026-04-28,Bengaluru,Day,Returns Desk,A3038,Amit Yadav,3,1,146.0,514.8000000000001,298.0,0.3333333333333333
2026-04-28,Bengaluru,Day,Voice Frontline,A3023,Rahul Khanna,4,0,28.0,44.7,31.75,0.0
2026-04-28,Bengaluru,Day,Voice Frontline,A3026,Lakshmi Qureshi,4,1,53.0,151.40000000000003,75.75,0.25
2026-04-28,Bengaluru,Morning,Billing,A3033,Amit Kulkarni,3,1,162.0,380.40000000000003,202.33333333333334,0.3333333333333333
2026-04-28,Bengaluru,Morning,Billing,A3035,Rohit Mukherjee,4,1,220.5,564.4000000000001,279.5,0.25
2026-04-28,Bengaluru,Morning,Chat Frontline,A3005,Sameer Joshi,4,1,2.0,343.20000000000005,123.25,0.25
2026-04-28,Bengaluru,Morning,Chat Frontline,A3007,Neha Gaikwad,2,2,354.0,410.8,354.0,1.0
2026-04-28,Bengaluru,Morning,Chat Frontline,A3009,Ramesh Patel,5,1,6.0,307.20000000000005,111.4,0.2
2026-04-28,Bengaluru,Morning,Chat Frontline,A3014,Diya Patil,3,0,45.0,129.0,66.0,0.0
2026-04-28,Bengaluru,Morning,Email Frontline,A3018,Farah Sheikh,8,1,204.0,498.79999999999995,260.375,0.125
2026-04-28,Bengaluru,Morning,Email Frontline,A3019,Sai Sandhu,12,5,410.0,1105.8000000000002,450.5,0.4166666666666667
2026-04-28,Bengaluru,Morning,Escalations & Warranty,A3039,Riya Gaikwad,2,1,268.0,480.8,268.0,0.5
2026-04-28,Bengaluru,Morning,Escalations & Warranty,A3043,Rohit Jain,5,1,87.0,425.6,178.2,0.2
2026-04-28,Bengaluru,Morning,Logistics,A3031,Om Malhotra,9,3,138.0,640.0,229.88888888888889,0.3333333333333333
2026-04-28,Bengaluru,Morning,Returns Desk,A3037,Rahul Sen,10,2,132.0,457.09999999999997,199.2,0.2
2026-04-28,Bengaluru,Morning,Voice Frontline,A3024,Kunal Khanna,3,0,18.0,33.2,20.333333333333332,0.0
2026-04-28,Bengaluru,Morning,Voice Frontline,A3025,Lobsang Rao,4,0,30.5,48.2,29.75,0.0
2026-04-28,Indore,Day,Chat Frontline,A3002,Tarun Mishra,3,0,2.0,3.6,2.6666666666666665,0.0
2026-04-28,Indore,Day,Chat Frontline,A3003,Harpreet Deshpande,3,0,2.0,9.200000000000001,4.666666666666667,0.0
2026-04-28,Indore,Day,Escalations & Warranty,A3041,Riya Fernandes,1,0,9.0,9.0,9.0,0.0
2026-04-28,Indore,Day,Logistics,A3027,Dev Chatterjee,7,2,94.0,1456.6000000000001,475.7142857142857,0.2857142857142857
2026-04-28,Indore,Morning,Billing,A3032,Aadhya Sheikh,7,0,47.0,293.6,130.71428571428572,0.0
2026-04-28,Indore,Morning,Chat Frontline,A3008,Steven Kaur,3,3,94.0,152.4,107.0,1.0
2026-04-28,Indore,Morning,Chat Frontline,A3010,Neha Chatterjee,5,3,365.0,485.0,265.2,0.6
2026-04-28,Indore,Morning,Chat Frontline,A3011,Karan Roy,1,1,481.0,481.0,481.0,1.0
2026-04-28,Indore,Morning,Chat Frontline,A3013,Ritika Chatterjee,6,4,111.0,474.5,205.83333333333334,0.6666666666666666
2026-04-28,Indore,Morning,Logistics,A3028,Krishna Kaur,8,5,326.0,545.9,304.75,0.625
2026-05-05,Bengaluru,Day,Billing,A3034,Thomas Patel,8,0,15.0,207.79999999999995,83.75,0.0
2026-05-05,Bengaluru,Day,Chat Frontline,A3004,Krishna Naidu,2,0,71.0,126.2,71.0,0.0
2026-05-05,Bengaluru,Day,Chat Frontline,A3006,Lakshmi Reddy,3,0,34.0,176.4,85.66666666666667,0.0
2026-05-05,Bengaluru,Day,Chat Frontline,A3012,Lakshmi Sethi,3,0,10.0,58.0,27.333333333333332,0.0
2026-05-05,Bengaluru,Day,Chat Frontline,A3015,Yash Agarwal,4,0,3.5,149.60000000000002,55.25,0.0
2026-05-05,Bengaluru,Day,Email Frontline,A3020,Ramesh Ghosh,1,0,116.0,116.0,116.0,0.0
2026-05-05,Bengaluru,Day,Email Frontline,A3021,Aditya Dhillon,4,1,211.0,445.50000000000006,244.25,0.25
2026-05-05,Bengaluru,Day,Email Frontline,A3022,Steven Tiwari,3,0,57.0,104.2,73.0,0.0
2026-05-05,Bengaluru,Day,Escalations & Warranty,A3040,Thomas Arora,1,0,12.0,12.0,12.0,0.0
2026-05-05,Bengaluru,Day,Escalations & Warranty,A3044,Kunal Malhotra,1,0,17.0,17.0,17.0,0.0
2026-05-05,Bengaluru,Day,Logistics,A3029,Rajat Iyer,3,0,100.0,319.2,158.33333333333334,0.0
2026-05-05,Bengaluru,Day,Logistics,A3030,Sunita Srivastava,1,0,31.0,31.0,31.0,0.0
2026-05-05,Bengaluru,Day,Returns Desk,A3036,Rohit Shinde,5,0,26.0,278.2,114.2,0.0
2026-05-05,Bengaluru,Day,Returns Desk,A3038,Amit Yadav,5,0,60.0,99.2,60.2,0.0
2026-05-05,Bengaluru,Day,Voice Frontline,A3023,Rahul Khanna,2,0,42.0,54.0,42.0,0.0
2026-05-05,Bengaluru,Day,Voice Frontline,A3026,Lakshmi Qureshi,3,0,62.0,90.8,61.666666666666664,0.0
2026-05-05,Bengaluru,Morning,Billing,A3033,Amit Kulkarni,6,2,16.0,471.0,162.5,0.3333333333333333
2026-05-05,Bengaluru,Morning,Billing,A3035,Rohit Mukherjee,5,1,50.0,398.00000000000006,151.0,0.2
2026-05-05,Bengaluru,Morning,Chat Frontline,A3005,Sameer Joshi,5,3,80.0,427.6,186.0,0.6
2026-05-05,Bengaluru,Morning,Chat Frontline,A3007,Neha Gaikwad,6,1,8.5,332.5,114.16666666666667,0.16666666666666666
2026-05-05,Bengaluru,Morning,Chat Frontline,A3009,Ramesh Patel,5,3,19.0,442.2,177.4,0.6
2026-05-05,Bengaluru,Morning,Chat Frontline,A3014,Diya Patil,2,1,223.5,399.1,223.5,0.5
2026-05-05,Bengaluru,Morning,Email Frontline,A3018,Farah Sheikh,9,3,352.0,546.8000000000001,309.1111111111111,0.3333333333333333
2026-05-05,Bengaluru,Morning,Email Frontline,A3019,Sai Sandhu,10,2,345.0,500.0,312.6,0.2
2026-05-05,Bengaluru,Morning,Escalations & Warranty,A3039,Riya Gaikwad,2,1,456.5,818.5,456.5,0.5
2026-05-05,Bengaluru,Morning,Escalations & Warranty,A3043,Rohit Jain,3,1,233.0,543.4,304.0,0.3333333333333333
2026-05-05,Bengaluru,Morning,Logistics,A3031,Om Malhotra,13,6,352.0,1018.6000000000003,500.53846153846155,0.46153846153846156
2026-05-05,Bengaluru,Morning,Returns Desk,A3037,Rahul Sen,8,2,48.5,428.4,141.875,0.25
2026-05-05,Bengaluru,Morning,Voice Frontline,A3024,Kunal Khanna,2,0,30.0,33.2,30.0,0.0
2026-05-05,Bengaluru,Morning,Voice Frontline,A3025,Lobsang Rao,2,0,44.0,70.4,44.0,0.0
2026-05-05,Indore,Day,Chat Frontline,A3002,Tarun Mishra,1,0,9.0,9.0,9.0,0.0
2026-05-05,Indore,Day,Chat Frontline,A3003,Harpreet Deshpande,2,0,4.0,4.8,4.0,0.0
2026-05-05,Indore,Day,Escalations & Warranty,A3041,Riya Fernandes,1,0,5.0,5.0,5.0,0.0
2026-05-05,Indore,Day,Logistics,A3027,Dev Chatterjee,4,0,34.0,157.50000000000003,69.25,0.0
2026-05-05,Indore,Morning,Billing,A3032,Aadhya Sheikh,4,0,157.0,225.2,136.0,0.0
2026-05-05,Indore,Morning,Chat Frontline,A3008,Steven Kaur,5,0,4.0,10.8,6.0,0.0
2026-05-05,Indore,Morning,Chat Frontline,A3010,Neha Chatterjee,1,0,1.0,1.0,1.0,0.0
2026-05-05,Indore,Morning,Chat Frontline,A3011,Karan Roy,2,2,425.5,446.7,425.5,1.0
2026-05-05,Indore,Morning,Chat Frontline,A3013,Ritika Chatterjee,4,3,320.0,494.20000000000005,296.5,0.75
2026-05-05,Indore,Morning,Logistics,A3028,Krishna Kaur,7,3,391.0,495.6,349.14285714285717,0.42857142857142855
2026-05-12,Bengaluru,Day,Billing,A3034,Thomas Patel,11,2,16.0,102.0,36.54545454545455,0.18181818181818182
2026-05-12,Bengaluru,Day,Chat Frontline,A3004,Krishna Naidu,1,0,14.0,14.0,14.0,0.0
2026-05-12,Bengaluru,Day,Chat Frontline,A3006,Lakshmi Reddy,3,1,9.0,32.2,17.0,0.3333333333333333
2026-05-12,Bengaluru,Day,Chat Frontline,A3012,Lakshmi Sethi,3,1,9.0,21.0,13.0,0.3333333333333333
2026-05-12,Bengaluru,Day,Chat Frontline,A3015,Yash Agarwal,4,0,4.0,80.90000000000002,30.75,0.0
2026-05-12,Bengaluru,Day,Email Frontline,A3020,Ramesh Ghosh,1,0,68.0,68.0,68.0,0.0
2026-05-12,Bengaluru,Day,Email Frontline,A3021,Aditya Dhillon,5,1,203.0,1292.2000000000003,514.6,0.2
2026-05-12,Bengaluru,Day,Email Frontline,A3022,Steven Tiwari,11,2,139.0,506.0,250.63636363636363,0.18181818181818182
2026-05-12,Bengaluru,Day,Escalations & Warranty,A3040,Thomas Arora,3,0,11.0,28.6,15.0,0.0
2026-05-12,Bengaluru,Day,Escalations & Warranty,A3042,Steven Chopra,1,0,210.0,210.0,210.0,0.0
2026-05-12,Bengaluru,Day,Escalations & Warranty,A3044,Kunal Malhotra,3,0,2.0,3.6,2.0,0.0
2026-05-12,Bengaluru,Day,Logistics,A3029,Rajat Iyer,3,0,147.0,155.0,104.66666666666667,0.0
2026-05-12,Bengaluru,Day,Logistics,A3030,Sunita Srivastava,2,0,28.5,49.7,28.5,0.0
2026-05-12,Bengaluru,Day,Returns Desk,A3036,Rohit Shinde,3,0,6.0,163.60000000000002,71.0,0.0
2026-05-12,Bengaluru,Day,Returns Desk,A3038,Amit Yadav,4,1,73.5,185.90000000000003,102.75,0.25
2026-05-12,Bengaluru,Day,Voice Frontline,A3023,Rahul Khanna,4,0,28.0,57.300000000000004,34.75,0.0
2026-05-12,Bengaluru,Day,Voice Frontline,A3026,Lakshmi Qureshi,9,0,26.0,70.4,38.666666666666664,0.0
2026-05-12,Bengaluru,Morning,Billing,A3033,Amit Kulkarni,5,2,42.0,490.8,210.6,0.4
2026-05-12,Bengaluru,Morning,Billing,A3035,Rohit Mukherjee,5,1,34.0,88.2,43.8,0.2
2026-05-12,Bengaluru,Morning,Chat Frontline,A3005,Sameer Joshi,3,1,87.0,399.8,191.0,0.3333333333333333
2026-05-12,Bengaluru,Morning,Chat Frontline,A3007,Neha Gaikwad,4,3,440.5,496.6,345.5,0.75
2026-05-12,Bengaluru,Morning,Chat Frontline,A3009,Ramesh Patel,4,2,98.5,326.6,151.75,0.5
2026-05-12,Bengaluru,Morning,Chat Frontline,A3014,Diya Patil,2,0,5.5,6.7,5.5,0.0
2026-05-12,Bengaluru,Morning,Email Frontline,A3018,Farah Sheikh,5,1,409.0,565.2,395.4,0.2
2026-05-12,Bengaluru,Morning,Email Frontline,A3019,Sai Sandhu,9,3,308.0,578.2,291.3333333333333,0.3333333333333333
2026-05-12,Bengaluru,Morning,Escalations & Warranty,A3039,Riya Gaikwad,4,2,291.0,528.7,284.75,0.5
2026-05-12,Bengaluru,Morning,Escalations & Warranty,A3043,Rohit Jain,3,2,17.0,693.0,294.3333333333333,0.6666666666666666
2026-05-12,Bengaluru,Morning,Logistics,A3031,Om Malhotra,6,2,100.5,437.0,180.0,0.3333333333333333
2026-05-12,Bengaluru,Morning,Returns Desk,A3037,Rahul Sen,10,7,423.5,556.3,389.1,0.7
2026-05-12,Bengaluru,Morning,Voice Frontline,A3024,Kunal Khanna,2,0,20.0,33.6,20.0,0.0
2026-05-12,Bengaluru,Morning,Voice Frontline,A3025,Lobsang Rao,1,0,89.0,89.0,89.0,0.0
2026-05-12,Indore,Day,Chat Frontline,A3002,Tarun Mishra,2,0,5.5,7.5,5.5,0.0
2026-05-12,Indore,Day,Chat Frontline,A3003,Harpreet Deshpande,4,2,23.0,40.800000000000004,24.75,0.5
2026-05-12,Indore,Day,Escalations & Warranty,A3041,Riya Fernandes,1,0,27.0,27.0,27.0,0.0
2026-05-12,Indore,Day,Logistics,A3027,Dev Chatterjee,4,0,8.5,53.500000000000014,22.0,0.0
2026-05-12,Indore,Morning,Billing,A3032,Aadhya Sheikh,4,2,369.5,466.5,311.5,0.5
2026-05-12,Indore,Morning,Chat Frontline,A3008,Steven Kaur,1,1,401.0,401.0,401.0,1.0
2026-05-12,Indore,Morning,Chat Frontline,A3010,Neha Chatterjee,4,2,301.5,459.3,269.5,0.5
2026-05-12,Indore,Morning,Chat Frontline,A3011,Karan Roy,4,2,219.0,489.6,239.75,0.5
2026-05-12,Indore,Morning,Chat Frontline,A3013,Ritika Chatterjee,4,1,122.0,268.6,142.75,0.25
2026-05-12,Indore,Morning,Logistics,A3028,Krishna Kaur,11,4,81.0,469.0,210.63636363636363,0.36363636363636365
2026-05-19,Bengaluru,Day,Billing,A3034,Thomas Patel,16,0,9.5,75.0,25.1875,0.0
2026-05-19,Bengaluru,Day,Chat Frontline,A3004,Krishna Naidu,3,0,4.0,143.20000000000002,62.0,0.0
2026-05-19,Bengaluru,Day,Chat Frontline,A3006,Lakshmi Reddy,3,1,4.0,13.600000000000001,7.333333333333333,0.3333333333333333
2026-05-19,Bengaluru,Day,Chat Frontline,A3012,Lakshmi Sethi,2,0,5.0,7.4,5.0,0.0
2026-05-19,Bengaluru,Day,Chat Frontline,A3015,Yash Agarwal,1,1,24.0,24.0,24.0,1.0
2026-05-19,Bengaluru,Day,Email Frontline,A3020,Ramesh Ghosh,6,0,201.5,356.0,208.66666666666666,0.0
2026-05-19,Bengaluru,Day,Email Frontline,A3021,Aditya Dhillon,2,0,179.5,287.1,179.5,0.0
2026-05-19,Bengaluru,Day,Email Frontline,A3022,Steven Tiwari,7,2,301.0,501.6,275.7142857142857,0.2857142857142857
2026-05-19,Bengaluru,Day,Escalations & Warranty,A3040,Thomas Arora,2,0,172.0,305.6,172.0,0.0
2026-05-19,Bengaluru,Day,Escalations & Warranty,A3042,Steven Chopra,2,0,40.0,68.0,40.0,0.0
2026-05-19,Bengaluru,Day,Escalations & Warranty,A3044,Kunal Malhotra,1,0,2.0,2.0,2.0,0.0
2026-05-19,Bengaluru,Day,Logistics,A3029,Rajat Iyer,1,0,26.0,26.0,26.0,0.0
2026-05-19,Bengaluru,Day,Logistics,A3030,Sunita Srivastava,6,0,75.5,198.0,91.66666666666667,0.0
2026-05-19,Bengaluru,Day,Returns Desk,A3036,Rohit Shinde,3,0,7.0,78.2,34.666666666666664,0.0
2026-05-19,Bengaluru,Day,Returns Desk,A3038,Amit Yadav,2,1,315.5,558.3,315.5,0.5
2026-05-19,Bengaluru,Day,Voice Frontline,A3023,Rahul Khanna,3,0,47.0,48.6,45.666666666666664,0.0
2026-05-19,Bengaluru,Day,Voice Frontline,A3026,Lakshmi Qureshi,4,0,29.0,36.1,27.0,0.0
2026-05-19,Bengaluru,Morning,Billing,A3033,Amit Kulkarni,2,2,60.5,91.3,60.5,1.0
2026-05-19,Bengaluru,Morning,Billing,A3035,Rohit Mukherjee,7,4,445.0,560.2,354.14285714285717,0.5714285714285714
2026-05-19,Bengaluru,Morning,Chat Frontline,A3005,Sameer Joshi,4,3,416.0,474.4,349.0,0.75
2026-05-19,Bengaluru,Morning,Chat Frontline,A3007,Neha Gaikwad,7,3,45.0,308.0000000000001,124.28571428571429,0.42857142857142855
2026-05-19,Bengaluru,Morning,Chat Frontline,A3009,Ramesh Patel,5,3,378.0,464.6,267.2,0.6
2026-05-19,Bengaluru,Morning,Chat Frontline,A3014,Diya Patil,7,2,21.0,249.0000000000001,91.42857142857143,0.2857142857142857
2026-05-19,Bengaluru,Morning,Email Frontline,A3018,Farah Sheikh,7,2,169.0,796.8000000000002,346.2857142857143,0.2857142857142857
2026-05-19,Bengaluru,Morning,Email Frontline,A3019,Sai Sandhu,9,4,412.0,852.0000000000002,547.2222222222222,0.4444444444444444
2026-05-19,Bengaluru,Morning,Escalations & Warranty,A3039,Riya Gaikwad,6,0,54.5,252.5,106.0,0.0
2026-05-19,Bengaluru,Morning,Logistics,A3031,Om Malhotra,7,3,437.0,522.8000000000001,390.57142857142856,0.42857142857142855
2026-05-19,Bengaluru,Morning,Returns Desk,A3037,Rahul Sen,11,2,32.0,297.0,107.0,0.18181818181818182
2026-05-19,Bengaluru,Morning,Voice Frontline,A3024,Kunal Khanna,2,0,33.5,41.1,33.5,0.0
2026-05-19,Bengaluru,Morning,Voice Frontline,A3025,Lobsang Rao,2,0,51.0,53.4,51.0,0.0
2026-05-19,Indore,Day,Chat Frontline,A3002,Tarun Mishra,7,1,6.0,68.00000000000004,26.428571428571427,0.14285714285714285
2026-05-19,Indore,Day,Chat Frontline,A3003,Harpreet Deshpande,2,0,75.5,131.9,75.5,0.0
2026-05-19,Indore,Day,Escalations & Warranty,A3041,Riya Fernandes,2,0,13.0,14.6,13.0,0.0
2026-05-19,Indore,Day,Logistics,A3027,Dev Chatterjee,4,0,16.5,82.4,35.75,0.0
2026-05-19,Indore,Morning,Billing,A3032,Aadhya Sheikh,6,2,66.5,378.5,160.0,0.3333333333333333
2026-05-19,Indore,Morning,Chat Frontline,A3008,Steven Kaur,1,1,314.0,314.0,314.0,1.0
2026-05-19,Indore,Morning,Chat Frontline,A3010,Neha Chatterjee,5,3,27.0,381.2,155.8,0.6
2026-05-19,Indore,Morning,Chat Frontline,A3011,Karan Roy,3,2,438.0,526.8,329.3333333333333,0.6666666666666666
2026-05-19,Indore,Morning,Chat Frontline,A3013,Ritika Chatterjee,5,2,1.0,328.20000000000005,119.0,0.4
2026-05-19,Indore,Morning,Logistics,A3028,Krishna Kaur,5,1,192.0,339.40000000000003,168.2,0.2
2026-05-26,Bengaluru,Day,Billing,A3034,Thomas Patel,4,0,2.5,4.4,2.5,0.0
2026-05-26,Bengaluru,Day,Chat Frontline,A3004,Krishna Naidu,3,1,21.0,37.8,24.333333333333332,0.3333333333333333
2026-05-26,Bengaluru,Day,Chat Frontline,A3006,Lakshmi Reddy,1,0,3.0,3.0,3.0,0.0
2026-05-26,Bengaluru,Day,Chat Frontline,A3012,Lakshmi Sethi,8,0,7.0,160.1,55.5,0.0
2026-05-26,Bengaluru,Day,Chat Frontline,A3015,Yash Agarwal,4,1,12.5,21.900000000000002,12.75,0.25
2026-05-26,Bengaluru,Day,Email Frontline,A3020,Ramesh Ghosh,3,0,287.0,301.4,198.66666666666666,0.0
2026-05-26,Bengaluru,Day,Email Frontline,A3021,Aditya Dhillon,5,1,116.0,452.0,222.6,0.2
2026-05-26,Bengaluru,Day,Email Frontline,A3022,Steven Tiwari,5,0,261.0,405.20000000000005,272.6,0.0
2026-05-26,Bengaluru,Day,Escalations & Warranty,A3040,Thomas Arora,3,0,12.0,29.6,16.333333333333332,0.0
2026-05-26,Bengaluru,Day,Escalations & Warranty,A3044,Kunal Malhotra,4,1,14.0,38.900000000000006,20.5,0.25
2026-05-26,Bengaluru,Day,Logistics,A3029,Rajat Iyer,5,0,4.0,103.4,38.4,0.0
2026-05-26,Bengaluru,Day,Logistics,A3030,Sunita Srivastava,4,0,73.5,102.9,64.25,0.0
2026-05-26,Bengaluru,Day,Returns Desk,A3036,Rohit Shinde,5,0,148.0,423.0,206.6,0.0
2026-05-26,Bengaluru,Day,Returns Desk,A3038,Amit Yadav,2,0,3.0,4.6,3.0,0.0
2026-05-26,Bengaluru,Day,Voice Frontline,A3023,Rahul Khanna,1,0,10.0,10.0,10.0,0.0
2026-05-26,Bengaluru,Morning,Billing,A3033,Amit Kulkarni,4,2,232.0,446.3,234.5,0.5
2026-05-26,Bengaluru,Morning,Billing,A3035,Rohit Mukherjee,7,3,101.0,323.6,147.14285714285714,0.42857142857142855
2026-05-26,Bengaluru,Morning,Chat Frontline,A3005,Sameer Joshi,7,4,215.0,460.00000000000006,236.42857142857142,0.5714285714285714
2026-05-26,Bengaluru,Morning,Chat Frontline,A3009,Ramesh Patel,6,2,98.0,341.0,148.16666666666666,0.3333333333333333
2026-05-26,Bengaluru,Morning,Chat Frontline,A3014,Diya Patil,6,2,4.0,475.0,160.33333333333334,0.3333333333333333
2026-05-26,Bengaluru,Morning,Email Frontline,A3018,Farah Sheikh,6,2,380.0,565.5,345.0,0.3333333333333333
2026-05-26,Bengaluru,Morning,Email Frontline,A3019,Sai Sandhu,3,2,513.0,765.0,477.3333333333333,0.6666666666666666
2026-05-26,Bengaluru,Morning,Escalations & Warranty,A3039,Riya Gaikwad,3,2,440.0,561.6,362.6666666666667,0.6666666666666666
2026-05-26,Bengaluru,Morning,Escalations & Warranty,A3043,Rohit Jain,3,1,22.0,338.8,152.0,0.3333333333333333
2026-05-26,Bengaluru,Morning,Logistics,A3031,Om Malhotra,9,2,42.0,282.40000000000003,122.33333333333333,0.2222222222222222
2026-05-26,Bengaluru,Morning,Returns Desk,A3037,Rahul Sen,9,3,266.0,562.6000000000001,289.44444444444446,0.3333333333333333
2026-05-26,Bengaluru,Morning,Voice Frontline,A3024,Kunal Khanna,1,1,160.0,160.0,160.0,1.0
2026-05-26,Indore,Day,Chat Frontline,A3002,Tarun Mishra,1,0,6.0,6.0,6.0,0.0
2026-05-26,Indore,Day,Chat Frontline,A3003,Harpreet Deshpande,1,0,2.0,2.0,2.0,0.0
2026-05-26,Indore,Day,Escalations & Warranty,A3041,Riya Fernandes,1,0,126.0,126.0,126.0,0.0
2026-05-26,Indore,Day,Logistics,A3027,Dev Chatterjee,3,0,35.0,205.4,97.0,0.0
2026-05-26,Indore,Morning,Billing,A3032,Aadhya Sheikh,3,1,1.0,315.40000000000003,132.0,0.3333333333333333
2026-05-26,Indore,Morning,Chat Frontline,A3008,Steven Kaur,5,2,71.0,486.8,206.6,0.4
2026-05-26,Indore,Morning,Chat Frontline,A3011,Karan Roy,3,3,445.0,469.0,438.3333333333333,1.0
2026-05-26,Indore,Morning,Chat Frontline,A3013,Ritika Chatterjee,1,0,5.0,5.0,5.0,0.0
2026-05-26,Indore,Morning,Logistics,A3028,Krishna Kaur,4,2,276.0,563.1,281.25,0.5
2026-06-02,Bengaluru,Day,Billing,A3034,Thomas Patel,8,0,35.0,186.99999999999994,84.25,0.0
2026-06-02,Bengaluru,Day,Chat Frontline,A3004,Krishna Naidu,2,0,2.0,3.6,2.0,0.0
2026-06-02,Bengaluru,Day,Chat Frontline,A3006,Lakshmi Reddy,3,0,4.0,4.8,3.6666666666666665,0.0
2026-06-02,Bengaluru,Day,Chat Frontline,A3012,Lakshmi Sethi,1,0,44.0,44.0,44.0,0.0
2026-06-02,Bengaluru,Day,Chat Frontline,A3015,Yash Agarwal,1,0,2.0,2.0,2.0,0.0
2026-06-02,Bengaluru,Day,Email Frontline,A3020,Ramesh Ghosh,5,0,122.0,185.20000000000002,120.0,0.0
2026-06-02,Bengaluru,Day,Email Frontline,A3021,Aditya Dhillon,5,2,320.0,560.6,323.8,0.4
2026-06-02,Bengaluru,Day,Email Frontline,A3022,Steven Tiwari,3,0,63.0,328.6,170.66666666666666,0.0
2026-06-02,Bengaluru,Day,Escalations & Warranty,A3042,Steven Chopra,3,1,145.0,627.4,298.3333333333333,0.3333333333333333
2026-06-02,Bengaluru,Day,Escalations & Warranty,A3044,Kunal Malhotra,1,0,59.0,59.0,59.0,0.0
2026-06-02,Bengaluru,Day,Logistics,A3029,Rajat Iyer,2,0,2.0,2.8,2.0,0.0
2026-06-02,Bengaluru,Day,Logistics,A3030,Sunita Srivastava,5,0,42.0,317.6,129.2,0.0
2026-06-02,Bengaluru,Day,Returns Desk,A3036,Rohit Shinde,3,0,9.0,161.0,72.0,0.0
2026-06-02,Bengaluru,Day,Returns Desk,A3038,Amit Yadav,5,0,4.0,42.60000000000001,16.8,0.0
2026-06-02,Bengaluru,Day,Voice Frontline,A3023,Rahul Khanna,5,0,21.0,85.2,39.8,0.0
2026-06-02,Bengaluru,Day,Voice Frontline,A3026,Lakshmi Qureshi,4,1,24.5,111.50000000000001,50.25,0.25
2026-06-02,Bengaluru,Morning,Billing,A3033,Amit Kulkarni,6,3,369.0,522.0,302.6666666666667,0.5
2026-06-02,Bengaluru,Morning,Billing,A3035,Rohit Mukherjee,7,1,117.0,273.20000000000016,140.14285714285714,0.14285714285714285
2026-06-02,Bengaluru,Morning,Chat Frontline,A3005,Sameer Joshi,1,1,357.0,357.0,357.0,1.0
2026-06-02,Bengaluru,Morning,Chat Frontline,A3007,Neha Gaikwad,2,2,329.0,456.2,329.0,1.0
2026-06-02,Bengaluru,Morning,Chat Frontline,A3014,Diya Patil,2,1,211.5,375.1,211.5,0.5
2026-06-02,Bengaluru,Morning,Email Frontline,A3018,Farah Sheikh,16,4,234.5,636.0,322.6875,0.25
2026-06-02,Bengaluru,Morning,Email Frontline,A3019,Sai Sandhu,12,2,206.5,480.40000000000003,228.83333333333334,0.16666666666666666
2026-06-02,Bengaluru,Morning,Escalations & Warranty,A3039,Riya Gaikwad,2,1,1928.5,3467.3,1928.5,0.5
2026-06-02,Bengaluru,Morning,Escalations & Warranty,A3043,Rohit Jain,4,2,315.0,455.3,294.5,0.5
2026-06-02,Bengaluru,Morning,Logistics,A3031,Om Malhotra,11,4,107.0,473.0,229.9090909090909,0.36363636363636365
2026-06-02,Bengaluru,Morning,Returns Desk,A3037,Rahul Sen,7,2,177.0,394.40000000000003,174.0,0.2857142857142857
2026-06-02,Bengaluru,Morning,Voice Frontline,A3024,Kunal Khanna,2,0,26.5,34.9,26.5,0.0
2026-06-02,Bengaluru,Morning,Voice Frontline,A3025,Lobsang Rao,6,0,54.0,111.5,60.666666666666664,0.0
2026-06-02,Indore,Day,Chat Frontline,A3002,Tarun Mishra,2,0,3.5,3.9,3.5,0.0
2026-06-02,Indore,Day,Chat Frontline,A3003,Harpreet Deshpande,2,0,2.0,2.8,2.0,0.0
2026-06-02,Indore,Day,Logistics,A3027,Dev Chatterjee,6,0,17.5,234.5,84.66666666666667,0.0
2026-06-02,Indore,Morning,Billing,A3032,Aadhya Sheikh,9,6,350.0,477.00000000000006,283.77777777777777,0.6666666666666666
2026-06-02,Indore,Morning,Chat Frontline,A3008,Steven Kaur,2,2,269.0,465.8,269.0,1.0
2026-06-02,Indore,Morning,Chat Frontline,A3010,Neha Chatterjee,2,0,7.0,10.2,7.0,0.0
2026-06-02,Indore,Morning,Chat Frontline,A3011,Karan Roy,7,2,10.0,450.40000000000003,135.28571428571428,0.2857142857142857
2026-06-02,Indore,Morning,Chat Frontline,A3013,Ritika Chatterjee,4,2,192.5,465.00000000000006,228.0,0.5
2026-06-02,Indore,Morning,Logistics,A3028,Krishna Kaur,6,1,16.5,491.0,170.16666666666666,0.16666666666666666
2026-06-09,Bengaluru,Day,Billing,A3034,Thomas Patel,9,1,110.0,249.60000000000005,136.77777777777777,0.1111111111111111
2026-06-09,Bengaluru,Day,Chat Frontline,A3004,Krishna Naidu,2,0,18.0,30.8,18.0,0.0
2026-06-09,Bengaluru,Day,Chat Frontline,A3006,Lakshmi Reddy,2,1,10.5,18.1,10.5,0.5
2026-06-09,Bengaluru,Day,Chat Frontline,A3012,Lakshmi Sethi,2,0,6.5,7.7,6.5,0.0
2026-06-09,Bengaluru,Day,Chat Frontline,A3015,Yash Agarwal,1,0,2.0,2.0,2.0,0.0
2026-06-09,Bengaluru,Day,Email Frontline,A3020,Ramesh Ghosh,6,0,145.5,398.5,204.33333333333334,0.0
2026-06-09,Bengaluru,Day,Email Frontline,A3021,Aditya Dhillon,4,0,57.5,80.5,53.75,0.0
2026-06-09,Bengaluru,Day,Email Frontline,A3022,Steven Tiwari,2,0,177.0,193.8,177.0,0.0
2026-06-09,Bengaluru,Day,Escalations & Warranty,A3042,Steven Chopra,2,1,97.5,145.9,97.5,0.5
2026-06-09,Bengaluru,Day,Escalations & Warranty,A3044,Kunal Malhotra,2,0,196.5,228.9,196.5,0.0
2026-06-09,Bengaluru,Day,Logistics,A3029,Rajat Iyer,5,0,43.0,341.0,140.8,0.0
2026-06-09,Bengaluru,Day,Logistics,A3030,Sunita Srivastava,4,1,50.0,223.20000000000005,101.0,0.25
2026-06-09,Bengaluru,Day,Returns Desk,A3036,Rohit Shinde,4,0,35.0,80.80000000000001,39.5,0.0
2026-06-09,Bengaluru,Day,Returns Desk,A3038,Amit Yadav,3,0,3.0,70.2,30.333333333333332,0.0
2026-06-09,Bengaluru,Day,Voice Frontline,A3026,Lakshmi Qureshi,6,0,33.0,58.5,34.666666666666664,0.0
2026-06-09,Bengaluru,Morning,Billing,A3033,Amit Kulkarni,2,0,159.5,286.3,159.5,0.0
2026-06-09,Bengaluru,Morning,Billing,A3035,Rohit Mukherjee,3,0,29.0,253.0,116.33333333333333,0.0
2026-06-09,Bengaluru,Morning,Chat Frontline,A3005,Sameer Joshi,6,4,243.0,376.5,208.66666666666666,0.6666666666666666
2026-06-09,Bengaluru,Morning,Chat Frontline,A3007,Neha Gaikwad,9,5,19.0,489.0,162.77777777777777,0.5555555555555556
2026-06-09,Bengaluru,Morning,Chat Frontline,A3009,Ramesh Patel,6,3,35.0,413.0,150.33333333333334,0.5
2026-06-09,Bengaluru,Morning,Email Frontline,A3018,Farah Sheikh,12,5,452.0,582.4,403.0833333333333,0.4166666666666667
2026-06-09,Bengaluru,Morning,Email Frontline,A3019,Sai Sandhu,5,2,442.0,587.0,419.8,0.4
2026-06-09,Bengaluru,Morning,Escalations & Warranty,A3039,Riya Gaikwad,2,1,232.0,376.0,232.0,0.5
2026-06-09,Bengaluru,Morning,Escalations & Warranty,A3043,Rohit Jain,1,0,414.0,414.0,414.0,0.0
2026-06-09,Bengaluru,Morning,Logistics,A3031,Om Malhotra,6,3,344.0,633.0,354.1666666666667,0.5
2026-06-09,Bengaluru,Morning,Returns Desk,A3037,Rahul Sen,9,1,90.0,276.40000000000003,131.0,0.1111111111111111
2026-06-09,Bengaluru,Morning,Voice Frontline,A3024,Kunal Khanna,3,0,18.0,22.0,18.666666666666668,0.0
2026-06-09,Bengaluru,Morning,Voice Frontline,A3025,Lobsang Rao,2,1,117.5,185.9,117.5,0.5
2026-06-09,Indore,Day,Chat Frontline,A3002,Tarun Mishra,2,1,13.0,21.8,13.0,0.5
2026-06-09,Indore,Day,Chat Frontline,A3003,Harpreet Deshpande,2,0,19.0,33.4,19.0,0.0
2026-06-09,Indore,Day,Escalations & Warranty,A3041,Riya Fernandes,1,0,1.0,1.0,1.0,0.0
2026-06-09,Indore,Day,Logistics,A3027,Dev Chatterjee,2,0,3.0,4.6,3.0,0.0
2026-06-09,Indore,Morning,Billing,A3032,Aadhya Sheikh,9,2,40.0,601.4000000000001,197.66666666666666,0.2222222222222222
2026-06-09,Indore,Morning,Chat Frontline,A3008,Steven Kaur,5,3,22.0,300.6,112.4,0.6
2026-06-09,Indore,Morning,Chat Frontline,A3010,Neha Chatterjee,7,7,438.0,536.8000000000001,349.2857142857143,1.0
2026-06-09,Indore,Morning,Chat Frontline,A3011,Karan Roy,3,0,2.0,2.8,2.0,0.0
2026-06-09,Indore,Morning,Chat Frontline,A3013,Ritika Chatterjee,4,1,11.5,323.1000000000001,121.75,0.25
2026-06-09,Indore,Morning,Logistics,A3028,Krishna Kaur,9,3,89.0,689.2000000000002,278.77777777777777,0.3333333333333333
2026-06-16,Bengaluru,Day,Billing,A3034,Thomas Patel,10,0,17.5,366.0,96.7,0.0
2026-06-16,Bengaluru,Day,Chat Frontline,A3004,Krishna Naidu,3,1,42.0,398.0,178.33333333333334,0.3333333333333333
2026-06-16,Bengaluru,Day,Chat Frontline,A3006,Lakshmi Reddy,2,0,54.5,94.1,54.5,0.0
2026-06-16,Bengaluru,Day,Chat Frontline,A3012,Lakshmi Sethi,4,0,5.0,7.4,4.5,0.0
2026-06-16,Bengaluru,Day,Chat Frontline,A3015,Yash Agarwal,2,0,4.5,4.9,4.5,0.0
2026-06-16,Bengaluru,Day,Email Frontline,A3020,Ramesh Ghosh,5,2,107.0,115.4,77.0,0.4
2026-06-16,Bengaluru,Day,Email Frontline,A3021,Aditya Dhillon,3,0,177.0,220.2,169.66666666666666,0.0
2026-06-16,Bengaluru,Day,Email Frontline,A3022,Steven Tiwari,5,0,148.0,292.4,182.6,0.0
2026-06-16,Bengaluru,Day,Escalations & Warranty,A3042,Steven Chopra,1,0,1.0,1.0,1.0,0.0
2026-06-16,Bengaluru,Day,Escalations & Warranty,A3044,Kunal Malhotra,2,0,16.5,29.7,16.5,0.0
2026-06-16,Bengaluru,Day,Logistics,A3029,Rajat Iyer,3,0,4.0,12.8,7.666666666666667,0.0
2026-06-16,Bengaluru,Day,Logistics,A3030,Sunita Srivastava,6,1,68.0,433.0,170.66666666666666,0.16666666666666666
2026-06-16,Bengaluru,Day,Returns Desk,A3036,Rohit Shinde,6,1,120.5,336.0,169.83333333333334,0.16666666666666666
2026-06-16,Bengaluru,Day,Returns Desk,A3038,Amit Yadav,2,0,210.5,324.5,210.5,0.0
2026-06-16,Bengaluru,Day,Voice Frontline,A3023,Rahul Khanna,6,0,59.5,74.0,50.333333333333336,0.0
2026-06-16,Bengaluru,Day,Voice Frontline,A3026,Lakshmi Qureshi,6,0,62.5,89.0,57.666666666666664,0.0
2026-06-16,Bengaluru,Morning,Billing,A3033,Amit Kulkarni,6,2,95.5,467.5,188.83333333333334,0.3333333333333333
2026-06-16,Bengaluru,Morning,Billing,A3035,Rohit Mukherjee,11,3,15.0,479.0,140.1818181818182,0.2727272727272727
2026-06-16,Bengaluru,Morning,Chat Frontline,A3005,Sameer Joshi,2,1,226.5,404.5,226.5,0.5
2026-06-16,Bengaluru,Morning,Chat Frontline,A3007,Neha Gaikwad,4,2,37.0,346.9000000000001,135.5,0.5
2026-06-16,Bengaluru,Morning,Chat Frontline,A3009,Ramesh Patel,2,0,3.5,4.7,3.5,0.0
2026-06-16,Bengaluru,Morning,Chat Frontline,A3014,Diya Patil,7,1,7.0,239.00000000000014,82.85714285714286,0.14285714285714285
2026-06-16,Bengaluru,Morning,Email Frontline,A3018,Farah Sheikh,13,4,241.0,619.0,338.0,0.3076923076923077
2026-06-16,Bengaluru,Morning,Email Frontline,A3019,Sai Sandhu,8,5,512.5,596.8,395.875,0.625
2026-06-16,Bengaluru,Morning,Escalations & Warranty,A3039,Riya Gaikwad,2,0,25.0,27.4,25.0,0.0
2026-06-16,Bengaluru,Morning,Escalations & Warranty,A3043,Rohit Jain,8,1,146.0,434.09999999999997,181.75,0.125
2026-06-16,Bengaluru,Morning,Logistics,A3031,Om Malhotra,9,3,17.0,556.8000000000001,173.22222222222223,0.3333333333333333
2026-06-16,Bengaluru,Morning,Returns Desk,A3037,Rahul Sen,6,1,80.0,241.5,115.5,0.16666666666666666
2026-06-16,Bengaluru,Morning,Voice Frontline,A3025,Lobsang Rao,2,0,34.5,37.3,34.5,0.0
2026-06-16,Indore,Day,Chat Frontline,A3002,Tarun Mishra,5,0,17.0,68.80000000000001,29.4,0.0
2026-06-16,Indore,Day,Chat Frontline,A3003,Harpreet Deshpande,2,0,7.5,8.7,7.5,0.0
2026-06-16,Indore,Day,Escalations & Warranty,A3041,Riya Fernandes,2,0,170.0,304.4,170.0,0.0
2026-06-16,Indore,Day,Logistics,A3027,Dev Chatterjee,4,0,30.5,235.00000000000006,99.5,0.0
2026-06-16,Indore,Morning,Billing,A3032,Aadhya Sheikh,4,3,364.0,626.5,442.0,0.75
2026-06-16,Indore,Morning,Chat Frontline,A3008,Steven Kaur,5,1,64.0,202.8,88.4,0.2
2026-06-16,Indore,Morning,Chat Frontline,A3010,Neha Chatterjee,4,0,5.5,11.900000000000002,6.75,0.0
2026-06-16,Indore,Morning,Chat Frontline,A3011,Karan Roy,2,2,387.5,455.1,387.5,1.0
2026-06-16,Indore,Morning,Chat Frontline,A3013,Ritika Chatterjee,9,5,24.0,415.6,153.88888888888889,0.5555555555555556
2026-06-16,Indore,Morning,Logistics,A3028,Krishna Kaur,13,6,333.0,536.2,266.3076923076923,0.46153846153846156
2026-06-23,Bengaluru,Day,Billing,A3034,Thomas Patel,10,1,23.5,78.29999999999998,35.0,0.1
2026-06-23,Bengaluru,Day,Chat Frontline,A3004,Krishna Naidu,2,0,1.5,1.9,1.5,0.0
2026-06-23,Bengaluru,Day,Chat Frontline,A3006,Lakshmi Reddy,3,0,4.0,4.8,4.0,0.0
2026-06-23,Bengaluru,Day,Chat Frontline,A3012,Lakshmi Sethi,7,2,8.0,16.4,8.571428571428571,0.2857142857142857
2026-06-23,Bengaluru,Day,Chat Frontline,A3015,Yash Agarwal,7,0,3.0,122.00000000000003,38.285714285714285,0.0
2026-06-23,Bengaluru,Day,Email Frontline,A3020,Ramesh Ghosh,4,0,54.5,101.60000000000001,57.5,0.0
2026-06-23,Bengaluru,Day,Email Frontline,A3021,Aditya Dhillon,6,1,306.5,421.5,307.0,0.16666666666666666
2026-06-23,Bengaluru,Day,Email Frontline,A3022,Steven Tiwari,3,0,322.0,372.4,302.0,0.0
2026-06-23,Bengaluru,Day,Escalations & Warranty,A3044,Kunal Malhotra,5,0,8.0,127.4,49.8,0.0
2026-06-23,Bengaluru,Day,Logistics,A3029,Rajat Iyer,8,0,26.5,210.5,69.375,0.0
2026-06-23,Bengaluru,Day,Logistics,A3030,Sunita Srivastava,2,0,14.5,20.5,14.5,0.0
2026-06-23,Bengaluru,Day,Returns Desk,A3036,Rohit Shinde,4,1,208.0,577.3000000000001,288.0,0.25
2026-06-23,Bengaluru,Day,Returns Desk,A3038,Amit Yadav,4,1,90.0,383.80000000000007,181.0,0.25
2026-06-23,Bengaluru,Day,Voice Frontline,A3023,Rahul Khanna,3,0,62.0,66.8,49.666666666666664,0.0
2026-06-23,Bengaluru,Day,Voice Frontline,A3026,Lakshmi Qureshi,1,0,23.0,23.0,23.0,0.0
2026-06-23,Bengaluru,Morning,Billing,A3033,Amit Kulkarni,3,2,180.0,428.0,225.33333333333334,0.6666666666666666
2026-06-23,Bengaluru,Morning,Billing,A3035,Rohit Mukherjee,5,0,49.0,315.0,122.8,0.0
2026-06-23,Bengaluru,Morning,Chat Frontline,A3005,Sameer Joshi,3,2,35.0,425.40000000000003,188.0,0.6666666666666666
2026-06-23,Bengaluru,Morning,Chat Frontline,A3007,Neha Gaikwad,2,0,4.5,6.5,4.5,0.0
2026-06-23,Bengaluru,Morning,Chat Frontline,A3009,Ramesh Patel,4,0,6.5,62.600000000000016,25.0,0.0
2026-06-23,Bengaluru,Morning,Chat Frontline,A3014,Diya Patil,2,2,151.0,157.4,151.0,1.0
2026-06-23,Bengaluru,Morning,Email Frontline,A3018,Farah Sheikh,8,2,124.0,498.0,233.125,0.25
2026-06-23,Bengaluru,Morning,Email Frontline,A3019,Sai Sandhu,15,5,413.0,732.5999999999999,392.26666666666665,0.3333333333333333
2026-06-23,Bengaluru,Morning,Escalations & Warranty,A3039,Riya Gaikwad,3,3,493.0,743.4,558.0,1.0
2026-06-23,Bengaluru,Morning,Escalations & Warranty,A3043,Rohit Jain,1,0,16.0,16.0,16.0,0.0
2026-06-23,Bengaluru,Morning,Logistics,A3031,Om Malhotra,10,4,58.5,499.9,204.3,0.4
2026-06-23,Bengaluru,Morning,Returns Desk,A3037,Rahul Sen,14,4,180.5,494.6,209.35714285714286,0.2857142857142857
2026-06-23,Bengaluru,Morning,Voice Frontline,A3024,Kunal Khanna,3,0,41.0,48.2,36.333333333333336,0.0
2026-06-23,Bengaluru,Morning,Voice Frontline,A3025,Lobsang Rao,5,1,51.0,95.80000000000001,59.4,0.2
2026-06-23,Indore,Day,Chat Frontline,A3002,Tarun Mishra,3,1,11.0,15.0,12.333333333333334,0.3333333333333333
2026-06-23,Indore,Day,Chat Frontline,A3003,Harpreet Deshpande,7,0,4.0,7.8000000000000025,5.142857142857143,0.0
2026-06-23,Indore,Day,Escalations & Warranty,A3041,Riya Fernandes,3,0,7.0,20.6,12.0,0.0
2026-06-23,Indore,Day,Logistics,A3027,Dev Chatterjee,10,1,19.0,76.19999999999999,30.0,0.1
2026-06-23,Indore,Morning,Billing,A3032,Aadhya Sheikh,9,3,76.0,322.8,150.77777777777777,0.3333333333333333
2026-06-23,Indore,Morning,Chat Frontline,A3008,Steven Kaur,3,2,106.0,302.8,155.66666666666666,0.6666666666666666
2026-06-23,Indore,Morning,Chat Frontline,A3010,Neha Chatterjee,1,0,1.0,1.0,1.0,0.0
2026-06-23,Indore,Morning,Chat Frontline,A3011,Karan Roy,2,0,9.5,10.7,9.5,0.0
2026-06-23,Indore,Morning,Chat Frontline,A3013,Ritika Chatterjee,3,2,355.0,415.8,264.6666666666667,0.6666666666666666
2026-06-23,Indore,Morning,Logistics,A3028,Krishna Kaur,6,5,487.5,521.5,412.1666666666667,0.8333333333333334
2026-06-30,Bengaluru,Day,Email Frontline,A3020,Ramesh Ghosh,1,0,159.0,159.0,159.0,0.0
2026-06-30,Bengaluru,Day,Email Frontline,A3021,Aditya Dhillon,1,0,183.0,183.0,183.0,0.0
2026-06-30,Bengaluru,Day,Logistics,A3029,Rajat Iyer,1,0,98.0,98.0,98.0,0.0
2026-06-30,Bengaluru,Day,Voice Frontline,A3026,Lakshmi Qureshi,1,0,13.0,13.0,13.0,0.0
2026-06-30,Bengaluru,Morning,Billing,A3035,Rohit Mukherjee,1,0,13.0,13.0,13.0,0.0
2026-06-30,Bengaluru,Morning,Chat Frontline,A3014,Diya Patil,1,0,7.0,7.0,7.0,0.0
2026-06-30,Bengaluru,Morning,Email Frontline,A3018,Farah Sheikh,1,0,357.0,357.0,357.0,0.0
2026-06-30,Bengaluru,Morning,Email Frontline,A3019,Sai Sandhu,1,0,287.0,287.0,287.0,0.0
2026-06-30,Bengaluru,Morning,Returns Desk,A3037,Rahul Sen,1,0,12.0,12.0,12.0,0.0
2026-06-30,Bengaluru,Morning,Voice Frontline,A3024,Kunal Khanna,1,0,21.0,21.0,21.0,0.0
2026-06-30,Indore,Day,Chat Frontline,A3002,Tarun Mishra,1,0,4.0,4.0,4.0,0.0
2026-06-30,Indore,Morning,Billing,A3032,Aadhya Sheikh,2,0,43.5,75.9,43.5,0.0
2026-06-30,Indore,Morning,Chat Frontline,A3013,Ritika Chatterjee,1,1,364.0,364.0,364.0,1.0
2026-06-30,Indore,Morning,Logistics,A3028,Krishna Kaur,2,1,505.5,893.9,505.5,0.5
